dropoff_location_id,dropoff_zone,dropoff_borough,total_trips,total_passengers,total_revenue,avg_trip_distance,avg_trip_duration_minutes,median_trip_duration_minutes,avg_amount_per_trip
163,Midtown North,Manhattan,260470,325439,6864831.409999823,3.5732799554651047,17.294421622451722,13.0,26.35555499673599
43,Central Park,Manhattan,122688,161742,2826132.579999987,3.7892831409754795,15.03501564945227,11.0,23.03511818596755
143,Lincoln Square West,Manhattan,155485,179745,3758326.259999928,2.7427278515612388,15.282252307296524,12.0,24.17163237611299
164,Midtown South,Manhattan,228123,284413,6426769.53999959,4.135204648369532,17.33833502101936,13.0,28.17238744010727
231,TriBeCa/Civic Center,Manhattan,173865,197281,5043366.239999978,7.105348229948528,19.02773991315101,15.0,29.007369165731905
162,Midtown East,Manhattan,303669,359790,7491262.219999768,5.26906855819988,15.056584636561519,12.0,24.669170116145434
40,Carroll Gardens,Brooklyn,8633,10285,468140.93999999936,8.839942082705896,30.88532375767404,27.0,54.22691300822418
13,Battery Park City,Manhattan,81504,93974,2728308.5499999914,5.294202615822539,20.543102179034157,18.0,33.47453560561434
256,Williamsburg (South Side),Brooklyn,21236,25607,903646.3899999994,9.187264079864395,27.213552458090035,24.0,42.552570634771115
107,Gramercy,Manhattan,203169,234958,4748158.209999902,3.796668537030752,13.849711324070109,11.0,23.370485704019323
198,Ridgewood,Queens,5875,6101,268485.74,7.514622978723404,30.189106382978725,28.0,45.699700425531915
125,Hudson Sq,Manhattan,55998,65748,1552302.7799999998,6.128011000392873,17.816136290581806,13.0,27.720682524375867
181,Park Slope,Brooklyn,26018,30599,1486819.4100000001,9.195362441386726,36.34921977092782,34.0,57.14579944653702
196,Rego Park,Queens,3388,3875,150312.76999999987,7.530608028335306,28.648170011806375,25.0,44.36622491145215
36,Bushwick North,Brooklyn,7088,7059,324450.95999999973,7.221299379232507,30.590857787810382,28.0,45.77468397291192
225,Stuyvesant Heights,Brooklyn,9411,9557,432072.3500000004,11.38370205079163,34.61768143661673,32.0,45.91141749017112
192,Queensboro Hill,Queens,1024,1053,45057.22,8.432041015625,27.861328125,23.0,44.00119140625
173,North Corona,Queens,2005,2247,78379.90000000005,33.1273216957606,26.569576059850373,23.0,39.0922194513716
260,Woodside,Queens,7156,8241,258501.25000000006,5.489911961989936,22.098099496925656,19.0,36.12370737842371
202,Roosevelt Island,Manhattan,4913,6266,216377.50000000012,6.545275798900876,29.141461428862204,25.0,44.0418278037859
112,Greenpoint,Brooklyn,21965,25667,984736.8700000015,9.47483678579558,26.242203505577056,23.0,44.832090598679784
189,Prospect Heights,Brooklyn,8868,10176,474459.5799999998,8.364587280108253,35.83446098331078,34.0,53.502433468651304
227,Sunset Park East,Brooklyn,2048,2139,125006.45999999996,11.9351220703125,39.60693359375,36.0,61.03831054687498
193,Queensbridge/Ravenswood,Queens,6604,7511,168777.46000000014,2.9183691701998815,19.836765596608117,6.0,25.556853422168402
91,Flatlands,Brooklyn,3675,3494,169094.08000000002,9.104707482993199,38.071020408163264,33.0,46.01199455782314
76,East New York,Brooklyn,7490,7022,273520.9000000005,13.986389853137517,32.95514018691589,25.0,36.51814419225641
168,Mott Haven/Port Morris,Bronx,5827,6429,221431.58999999994,6.1094010640123555,24.989016646644927,20.0,38.0009593272696
210,Sheepshead Bay,Brooklyn,2121,2289,118492.26999999996,52.904384724186706,39.80716643092881,34.0,55.86622819424798
243,Washington Heights North,Manhattan,21924,18836,1025385.9100000028,13.526882868089762,27.172869914249226,24.0,46.7700196132094
34,Brooklyn Navy Yard,Brooklyn,1400,1518,55650.440000000024,5.835435714285715,27.365,26.0,39.7503142857143
205,Saint Albans,Queens,3791,4121,147253.59999999995,17.722875230809816,30.414402532313375,21.0,38.84294381429701
85,Erasmus,Brooklyn,2502,2324,121767.6,8.738593125499596,39.95243804956035,36.0,48.668105515587534
9,Auburndale,Queens,1100,1353,58426.880000000005,10.128172727272728,28.482727272727274,25.0,53.11534545454546
220,Spuyten Duyvil/Kingsbridge,Bronx,3721,4348,248295.14000000025,12.247785541521088,34.12819134641226,29.0,66.72806772373025
242,Van Nest/Morris Park,Bronx,1722,1630,86198.59,9.977177700348433,38.35946573751452,33.0,50.057253193960506
29,Brighton Beach,Brooklyn,1635,1776,97841.56999999992,12.696807339449538,40.639755351681956,36.0,59.84193883792044
32,Bronxdale,Bronx,912,913,52370.150000000016,11.477708333333336,41.08114035087719,33.0,57.42341008771932
64,Douglaston,Queens,1260,1586,77250.03999999998,12.175428571428572,28.79047619047619,24.0,61.30955555555554
28,Briarwood/Jamaica Hills,Queens,3525,4199,139209.0599999999,7.109875177304965,25.155744680851065,20.0,39.49193191489359
54,Columbia Street,Brooklyn,2178,2684,117342.93999999997,8.839834710743803,30.981634527089074,27.0,53.87646464646463
228,Sunset Park West,Brooklyn,5288,5505,313543.79999999993,28.306507186081706,35.88861573373676,32.0,59.29345688350982
120,Highbridge Park,Manhattan,681,556,29625.61999999999,8.043568281938326,26.562408223201174,23.0,43.50311306901614
203,Rosedale,Queens,2159,2563,83386.95999999998,7.760597498842055,26.165354330708663,16.0,38.62295507179249
175,Oakland Gardens,Queens,1069,1266,60155.76000000001,11.39031805425632,33.994387277829745,27.0,56.27292797006549
56,Corona,Queens,2860,3035,114928.08000000005,7.339307692307695,26.44090909090909,22.0,40.18464335664337
180,Ozone Park,Queens,1379,1558,51499.97,28.19978970268311,22.93691080493111,17.0,37.34588107324148
185,Pelham Parkway,Bronx,1235,1233,72392.65000000001,11.422145748987855,37.01133603238866,32.0,58.61753036437248
134,Kew Gardens,Queens,3355,3784,151632.10999999996,18.280074515648288,25.840238450074516,22.0,45.19585991058121
6,Arrochar/Fort Wadsworth,Staten Island,291,341,19665.790000000005,14.317388316151204,43.955326460481096,32.0,67.58003436426118
149,Madison,Brooklyn,1584,1672,88884.81999999999,11.10290404040404,38.91477272727273,35.0,56.11415404040404
251,Westerleigh,Staten Island,127,177,14386.67,19.92732283464567,53.59055118110236,43.0,113.28086614173229
23,Bloomfield/Emerson Hill,Staten Island,222,311,27938.819999999996,22.934684684684683,51.067567567567565,46.0,125.85054054054052
214,South Beach/Dongan Hills,Staten Island,179,210,15657.380000000003,16.0122905027933,44.64804469273743,41.0,87.4713966480447
176,Oakwood,Staten Island,74,98,9231.960000000001,24.240675675675668,65.21621621621621,54.0,124.75621621621623
78,East Tremont,Bronx,1390,1270,66502.51000000004,9.204388489208633,36.75827338129496,31.0,47.84353237410075
96,Forest Park/Highland Park,Queens,326,347,14979.58,8.397791411042945,29.25153374233129,26.0,45.94963190184049
3,Allerton/Pelham Gardens,Bronx,949,984,57672.070000000036,12.217428872497365,39.35194942044257,34.0,60.77141201264493
109,Great Kills,Staten Island,85,112,11647.46,25.774352941176467,60.423529411764704,55.0,137.02894117647057
30,Broad Channel,Queens,96,125,4952.45,10.0684375,27.364583333333332,23.0,51.58802083333333
5,Arden Heights,Staten Island,51,68,7407.58,29.3543137254902,57.88235294117647,56.0,145.24666666666667
2,Jamaica Bay,Queens,20,35,910.5900000000001,8.6045,21.9,23.0,45.529500000000006
140,Lenox Hill East,Manhattan,208241,235390,4909582.379999965,5.637099034291979,15.114622000470609,12.0,23.576444504204098
261,World Trade Center,Manhattan,54291,65160,1964168.100000005,7.755751413678126,22.814923283785525,19.0,36.17852130187333
68,East Chelsea,Manhattan,275614,327438,6936080.71999979,3.3299656040694487,15.998552323176616,12.0,25.165923066316626
132,JFK Airport,Queens,123076,180794,10191490.409997134,17.660491484936202,46.29518346387598,47.0,82.80648062983143
234,Union Sq,Manhattan,248667,291766,5652059.85999996,3.36794419846623,14.038557589064894,11.0,22.729432775559122
79,East Village,Manhattan,219302,244720,5348626.04999994,5.387178730700122,15.298921122470384,12.0,24.38931724288853
144,Little Italy/NoLiTa,Manhattan,102608,123107,2729224.7099999967,3.7004500623733056,18.292053251208483,15.0,26.598556740215155
114,Greenwich Village South,Manhattan,107092,124584,2551515.9899999923,2.353966122586185,15.487552758375976,12.0,23.82545839091615
158,Meatpacking/West Village West,Manhattan,112937,133706,2793821.189999984,3.157733603690558,15.802952088332432,12.0,24.737873239062345
255,Williamsburg (North Side),Brooklyn,25436,30461,1195907.4800000002,10.534235728888188,29.53994338732505,26.0,47.01633432929707
230,Times Sq/Theatre District,Manhattan,338507,458319,10954296.199998911,4.028259947357086,21.442032217945272,16.0,32.360619425887535
148,Lower East Side,Manhattan,115495,131611,3273610.2699999996,6.517290185722331,18.651214338283044,15.0,28.344173081085756
224,Stuy Town/Peter Cooper Village,Manhattan,41766,46489,1082805.6100000003,2.9268076904659335,15.114111957094288,12.0,25.92552818081694
233,UN/Turtle Bay South,Manhattan,160472,187688,4040065.839999913,3.844882596340797,14.751925569569769,12.0,25.17614188144918
111,Green-Wood Cemetery,Brooklyn,97,106,5522.480000000001,9.220515463917527,31.412371134020617,31.0,56.93278350515465
15,Bay Terrace/Fort Totten,Queens,1190,1474,70475.85999999999,11.568890756302524,28.849579831932772,25.0,59.22341176470587
42,Central Harlem North,Manhattan,45124,41143,1475929.6000000045,14.289878778477027,21.882878290931654,18.0,32.70830600124113
97,Fort Greene,Brooklyn,13289,14942,591592.4199999997,13.549852509594414,31.006396267589736,27.0,44.51745202799305
1,Newark Airport,EWR,29358,45236,3810953.1800000025,17.204480209823515,42.60719395054159,38.0,129.80970025206085
235,University Heights/Morris Heights,Bronx,1652,1680,80918.43000000002,57.15619249394675,36.42009685230024,28.0,48.982100484261515
259,Woodlawn/Wakefield,Bronx,1262,1347,86390.12000000002,65.5571236133122,39.925515055467514,36.0,68.45492868462759
126,Hunts Point,Bronx,1198,1139,55075.54000000003,82.38246243739563,30.226210350584306,26.0,45.97290484140236
152,Manhattanville,Manhattan,15987,14503,462324.99000000086,4.282068555701505,18.37255269906799,15.0,28.918808406830603
89,Flatbush/Ditmas Park,Brooklyn,9389,9757,539214.5600000003,15.548151027798472,39.39045691766961,36.0,57.430456917669645
127,Inwood,Manhattan,9479,7135,444265.7600000005,13.871951682666943,26.809368076801352,23.0,46.86842071948523
135,Kew Gardens Hills,Queens,2656,3165,112865.48999999996,7.507289156626505,24.733810240963855,21.0,42.49453689759034
139,Laurelton,Queens,2076,2435,81966.60000000002,8.092986512524085,27.634393063583815,17.5,39.48294797687862
217,South Williamsburg,Brooklyn,3485,4583,148522.37000000005,6.8279311334289865,35.48866571018652,29.0,42.61760975609758
197,Richmond Hill,Queens,4877,5340,192554.5000000002,6.493221242567154,26.270658191511174,21.0,39.48216116465044
72,East Flatbush/Remsen Village,Brooklyn,3701,3423,147985.25999999995,23.084696028100492,34.41556336125372,30.0,39.98520940286408
159,Melrose South,Bronx,2560,2517,101648.89999999995,22.8933515625,31.57890625,23.0,39.70660156249998
130,Jamaica,Queens,6599,6922,253693.81000000026,21.935926655553867,27.016669192301865,22.0,38.44428095165938
19,Bellerose,Queens,1457,1821,73504.08999999997,10.394083733699382,33.83939601921757,23.0,50.44892930679476
12,Battery Park,Manhattan,6361,10270,203398.7899999999,4.291081590944822,23.86291463606351,22.0,31.975914164439537
119,Highbridge,Bronx,2089,2414,99533.87000000005,8.37648635710866,31.419818094782194,27.0,47.646658688367665
39,Canarsie,Brooklyn,5723,5406,236035.89000000022,14.861673947230477,33.27555477896208,25.0,41.24338458850257
208,Schuylerville/Edgewater Park,Bronx,1693,1870,101702.38000000006,61.49437093916128,31.502658003544006,27.0,60.07228588304788
150,Manhattan Beach,Brooklyn,937,1019,54589.460000000014,72.5677588046958,39.25827107790822,33.0,58.259829242262555
38,Cambria Heights,Queens,1968,2384,88128.73000000004,9.175381097560974,31.902439024390244,22.0,44.78085873983742
101,Glen Oaks,Queens,983,1125,57758.029999999984,11.96482197355035,36.80569684638861,27.0,58.75689725330619
73,East Flushing,Queens,708,776,33230.68,8.938064971751409,29.85593220338983,26.0,46.93598870056497
264,,,49004,65483,1379817.8200000026,4.412268590319171,16.378683372785893,11.0,28.157248796016706
245,West Brighton,Staten Island,121,160,13783.380000000001,21.004876033057847,48.950413223140494,47.0,113.91223140495869
221,Stapleton,Staten Island,238,296,22206.149999999998,17.049957983193277,47.85294117647059,39.0,93.3031512605042
156,Mariners Harbor,Staten Island,106,134,12620.8,23.21952830188679,45.424528301886795,42.0,119.06415094339621
115,Grymes Hill/Clifton,Staten Island,132,167,14107.770000000004,19.790681818181817,46.36363636363637,41.5,106.87704545454548
44,Charleston/Tottenville,Staten Island,50,58,8667.25,33.33539999999999,63.86,59.5,173.345
105,,,1,,21.93,4.2,13.0,13.0,21.93
161,Midtown Center,Manhattan,396564,481574,10034479.989999514,2.780780504533937,16.508611472549198,13.0,25.303557534217717
244,Washington Heights South,Manhattan,36489,29760,1425264.2000000034,10.542906081284784,24.508482008276467,20.0,39.060105785305254
48,Clinton East,Manhattan,253566,314415,7001198.479999586,3.830142684744778,18.41990645433536,14.0,27.610951310505296
113,Greenwich Village North,Manhattan,136783,158468,3353571.2399999555,4.779048419759799,15.27883582024082,12.0,24.517456409056354
229,Sutton Place/Turtle Bay North,Manhattan,218366,258223,5088851.9299998935,4.580007235558642,13.84820439079344,11.0,23.304232023299843
88,Financial District South,Manhattan,43644,51860,1545374.9200000055,6.290209192557973,21.60927046100266,18.0,35.408645403721145
87,Financial District North,Manhattan,89032,94031,3111031.889999984,5.657376673555573,21.672061730613713,18.0,34.94285077275568
238,Upper West Side North,Manhattan,234265,275084,5729361.069999982,4.605183659530882,14.298499562461314,11.0,24.45675226773091
66,DUMBO/Vinegar Hill,Brooklyn,13394,17163,540765.8499999992,8.869226519337005,25.61639540092579,22.0,40.37373824100337
75,East Harlem South,Manhattan,122546,132978,2854317.9999999497,6.375182298891861,14.579627242015244,11.0,23.29180879016818
137,Kips Bay,Manhattan,130385,143263,2902380.209999962,3.4683072439314193,13.726333550638493,11.0,22.260077539593986
90,Flatiron,Manhattan,153448,180230,3719041.2499999255,2.9623632109900426,14.331369584484646,11.0,24.236492166727004
100,Garment District,Manhattan,136093,172755,3770394.6399999107,3.21199510628762,18.5360378564658,14.0,27.70454498027019
74,East Harlem North,Manhattan,73668,74485,1846269.520000006,13.009784031058244,15.700236194820004,13.0,25.06202856056912
61,Crown Heights North,Brooklyn,16003,16301,761428.650000001,8.114374179841285,35.84627882272074,33.0,47.580369305755234
17,Bedford,Brooklyn,11305,12317,526710.9400000005,11.98464219371958,35.424679345422376,31.0,46.59097213622296
239,Upper West Side South,Manhattan,292518,353019,7143654.119999951,3.949339801311364,14.601696305868357,11.0,24.421246282279895
200,Riverdale/North Riverdale/Fieldston,Bronx,3234,3746,241663.12000000017,31.772625231910936,37.92022263450835,31.0,74.72576376004953
166,Morningside Heights,Manhattan,76024,81114,2034802.500000002,7.072353072713881,16.518875618225824,13.0,26.765264916342236
95,Forest Hills,Queens,12443,14720,573239.6299999997,8.583578718958448,27.393715341959336,25.0,46.069246162500974
24,Bloomingdale,Manhattan,35091,39085,908759.6600000034,7.070429454845961,15.405032629449147,12.0,25.89722891909616
52,Cobble Hill,Brooklyn,6450,7809,320703.4599999999,7.954376744186043,30.5553488372093,26.0,49.72146666666665
106,Gowanus,Brooklyn,3431,3912,187703.55000000013,8.897685805887491,34.70183619935879,31.0,54.70811716700674
71,East Flatbush/Farragut,Brooklyn,3334,3144,146034.88,10.33887222555489,36.64577084583083,34.0,43.80170365926815
129,Jackson Heights,Queens,13036,15335,538104.6600000005,11.62614222154036,25.32648051549555,23.0,41.27835685793192
182,Parkchester,Bronx,1384,1419,74037.35000000002,10.866249999999999,39.86849710982659,34.0,53.495195086705216
116,Hamilton Heights,Manhattan,26572,23956,950104.9900000014,9.468821315670613,22.778262833057354,20.0,35.75587046515134
80,East Williamsburg,Brooklyn,13316,14936,590851.0900000003,12.94396665665365,27.223790928206668,24.0,44.3715147191349
257,Windsor Terrace,Brooklyn,4265,5078,285394.8199999999,11.638128956623692,36.310902696365766,33.0,66.91554982415003
188,Prospect-Lefferts Gardens,Brooklyn,8841,8891,434808.5500000003,17.138148399502327,37.89955887343061,36.0,49.18092410360822
70,East Elmhurst,Queens,5608,7175,233052.33000000025,5.995793509272471,20.600570613409417,18.0,41.5571201854494
49,Clinton Hill,Brooklyn,13652,15623,663689.8900000011,7.653484471139757,32.90272487547612,30.0,48.6148469088779
131,Jamaica Estates,Queens,2157,2506,100751.64999999997,8.994979137691244,29.342605470560965,25.0,46.70915623551227
26,Borough Park,Brooklyn,3119,3342,186380.94,26.515043283103562,44.02693170888105,41.0,59.75663353638987
174,Norwood,Bronx,1387,1314,77865.93000000002,11.545875991348234,40.11319394376352,32.0,56.139819754866636
154,Marine Park/Floyd Bennett Field,Brooklyn,683,860,35263.24000000001,11.31963396778917,23.808199121522694,19.0,51.62992679355785
14,Bay Ridge,Brooklyn,6987,7555,472191.3299999996,13.191794761700297,40.22141119221411,35.0,67.58141262344348
147,Longwood,Bronx,965,962,42225.89,7.959170984455956,32.44870466321243,25.0,43.757398963730566
222,Starrett City,Brooklyn,1620,1606,63553.81000000003,7.907907407407408,37.57716049382716,30.0,39.23074691358026
86,Far Rockaway,Queens,2303,2534,122000.07999999993,11.606300477637868,43.83022145028224,30.0,52.97441597915759
195,Red Hook,Brooklyn,4369,5564,234214.58999999997,8.703849851224538,33.588921950103,30.0,53.608283360036616
201,Rockaway Park,Queens,1160,1340,81789.79000000004,13.814818965517237,39.01293103448276,33.0,70.50843965517245
219,Springfield Gardens South,Queens,4442,5803,145849.20000000004,5.626026564610534,17.925033768572714,10.0,32.83412877082396
191,Queens Village,Queens,2851,3163,135516.35999999993,10.274107330761135,34.790950543668885,26.0,47.532921781830915
136,Kingsbridge Heights,Bronx,1216,1257,64295.65000000004,10.424925986842107,39.0452302631579,32.0,52.874712171052664
123,Homecrest,Brooklyn,1941,1980,106365.59999999999,11.195656877897985,39.25090159711489,35.0,54.79938176197836
157,Maspeth,Queens,3409,3869,143513.04999999993,7.096107362863013,24.059548254620122,21.0,42.09828395423876
98,Fresh Meadows,Queens,1585,1886,79257.64,9.419003154574131,30.25930599369085,26.0,50.00482018927445
10,Baisley Park,Queens,9345,12563,317754.9399999998,5.468632423756022,19.35270197966827,12.0,34.00266880684856
177,Ocean Hill,Brooklyn,3388,3122,140120.91,8.664377213695394,35.26387249114522,30.0,41.35800177095632
250,Westchester Village/Unionport,Bronx,1087,1123,56218.500000000015,10.204167433302672,35.164673413063475,29.0,51.718951241950336
178,Ocean Parkway South,Brooklyn,871,990,54304.88999999997,12.115487944890928,39.695752009184844,38.0,62.34774971297356
124,Howard Beach,Queens,2351,2839,88705.41999999994,26.696797107613794,24.19140791152701,17.0,37.730931518502736
153,Marble Hill,Manhattan,445,475,25460.779999999995,10.757775280898878,34.19101123595506,31.0,57.215235955056166
160,Middle Village,Queens,3177,3744,146285.41000000003,7.74108278249921,28.53918791312559,25.0,46.04514006924773
258,Woodhaven,Queens,2712,2783,108811.20999999999,7.499550147492632,28.682522123893804,23.0,40.12212758112094
252,Whitestone,Queens,1917,2424,98568.73999999999,9.921815336463226,28.663536776212833,22.0,51.41822639540949
241,Van Cortlandt Village,Bronx,1715,1799,104256.75000000007,12.136163265306125,39.32361516034985,32.0,60.79110787172016
58,Country Club,Bronx,264,281,17625.91,12.82909090909091,31.916666666666668,29.5,66.7648106060606
240,Van Cortlandt Park,Bronx,332,326,18845.32,11.245361445783132,33.93674698795181,28.0,56.76301204819277
21,Bensonhurst East,Brooklyn,1393,1319,78011.01000000001,11.692103374012923,41.435032304379035,37.0,56.00216080402011
184,Pelham Bay Park,Bronx,123,80,6747.71,10.857804878048778,33.72357723577236,30.0,54.85943089430894
194,Randalls Island,Manhattan,1654,2061,69672.13000000003,94.80390568319228,24.44074969770254,17.0,42.123415961305945
69,East Concourse/Concourse Village,Bronx,3457,3714,159003.86999999994,12.98551345096905,35.70726063060457,28.0,45.9947555684119
206,Saint George/New Brighton,Staten Island,220,297,25976.379999999997,21.908863636363634,51.554545454545455,49.0,118.07445454545453
172,New Dorp/Midland Beach,Staten Island,105,129,11350.23,19.70209523809524,83.80952380952381,49.0,108.09742857142857
171,Murray Hill-Queens,Queens,1766,1962,84644.70000000001,8.781211778029443,30.62004530011325,24.0,47.930181200453006
183,Pelham Bay,Bronx,524,509,30923.259999999995,106.15301526717562,38.774809160305345,29.0,59.01385496183205
108,Gravesend,Brooklyn,1070,1102,61923.46000000001,134.79269158878498,41.2,36.0,57.87239252336449
128,Inwood Hill Park,Manhattan,1090,875,49342.07000000002,9.066522935779817,27.711009174311926,23.5,45.26795412844039
265,,,43557,62500,5506065.389999913,35.05800215809178,41.37194939963726,36.0,126.41057441972389
53,College Point,Queens,1628,1803,75141.83,47.150589680589654,27.896191646191646,23.0,46.155915233415236
169,Mount Hope,Bronx,1694,1674,82994.69000000003,9.44096221959858,35.59681227863046,29.0,48.99332349468715
31,Bronx Park,Bronx,618,901,38686.439999999995,11.597475728155338,34.407766990291265,32.0,62.599417475728146
84,Eltingville/Annadale/Prince's Bay,Staten Island,84,95,12746.380000000001,28.714523809523808,59.67857142857143,55.5,151.74261904761906
253,Willets Point,Queens,139,150,6386.049999999999,8.2563309352518,29.244604316546763,24.0,45.942805755395675
99,Freshkills Park,Staten Island,1,1,58.4,12.46,36.0,36.0,58.4
236,Upper East Side North,Manhattan,472598,569484,10361531.059999717,2.214740011595483,12.862515287834482,10.0,21.92461893617772
237,Upper East Side South,Manhattan,452042,540658,9504099.129999856,2.5603167847235526,12.766269505930865,10.0,21.024814353533202
151,Manhattan Valley,Manhattan,94248,108643,2379911.8199999756,4.454423011628887,15.031873355402768,11.0,25.25158963585408
142,Lincoln Square East,Manhattan,297974,356419,6948813.88999996,3.223924637720071,14.564072704329908,11.0,23.32020206460953
141,Lenox Hill West,Manhattan,270670,318173,6474761.660000038,4.012893819041624,13.436409650127462,10.0,23.921238630066274
263,Yorkville West,Manhattan,213432,247393,5143628.009999949,3.783756981146232,13.675245511450955,11.0,24.099610227144705
41,Central Harlem,Manhattan,64805,68907,1900628.1400000066,6.291029241570864,18.65354525113803,15.0,29.328418177609855
4,Alphabet City,Manhattan,42180,43471,1066011.119999999,2.944690374585111,16.10334281650071,13.0,25.272904694167828
246,West Chelsea/Hudson Yards,Manhattan,214253,248605,5069145.929999945,4.877749156371211,15.439634450859497,13.0,23.65962637629319
249,West Village,Manhattan,185667,215605,4236566.55999993,5.96231780553358,14.406071084252991,11.0,22.818091314018808
262,Yorkville East,Manhattan,158171,184675,4051091.9199999124,3.426432531880057,14.929980843517459,12.0,25.61210285071165
170,Murray Hill,Manhattan,313017,367362,7642850.069999724,4.412879012960949,14.831664094921361,12.0,24.41672519383843
50,Clinton West,Manhattan,115043,134563,2856399.5699999877,4.767949896995044,16.746460019297132,13.0,24.828973253479028
211,SoHo,Manhattan,90902,108164,2373524.9700000044,4.630223427427339,17.803447668918174,14.0,26.110811313282483
186,Penn Station/Madison Sq West,Manhattan,229011,274768,5533490.8699999,3.106008750671365,15.856587674827846,13.0,24.16255494277524
33,Brooklyn Heights,Brooklyn,26002,31253,1160833.0899999994,8.996988308591623,28.87374048150142,24.0,44.643992385201116
45,Chinatown,Manhattan,29550,34521,856006.0299999998,5.16538307952622,19.897698815566837,16.0,28.968055160744495
232,Two Bridges/Seward Park,Manhattan,50647,52816,1460723.640000003,5.843314510237529,18.615831144983908,15.0,28.841266807510866
209,Seaport,Manhattan,31801,36043,1088926.3100000012,5.280209741832013,21.606490361938302,17.0,34.24188893431028
226,Sunnyside,Queens,15790,18170,577007.2300000007,5.262349588347062,24.64502849905003,19.0,36.54257314756179
7,Astoria,Queens,24388,27445,889900.0400000019,8.057478268000677,23.24635066426111,21.0,36.48925865179604
62,Crown Heights South,Brooklyn,4988,5308,244781.49000000022,8.278101443464319,37.84683239775461,36.0,49.07407578187655
138,LaGuardia Airport,Queens,127223,156513,8705474.009999778,12.88665469294076,30.97937479858202,29.0,68.42688829849774
223,Steinway,Queens,11953,13829,492454.3399999997,6.287758721659832,24.41077553752196,23.0,41.19922529908807
37,Bushwick South,Brooklyn,11023,11190,494091.6500000005,7.093644198494065,31.642656264174907,29.0,44.82370044452513
213,Soundview/Castle Hill,Bronx,2154,2157,107955.48,9.660640668523675,34.97214484679666,30.0,50.118607242339834
93,Flushing Meadows-Corona Park,Queens,3336,4164,161089.58999999994,8.290881294964034,27.055755395683452,22.0,48.28824640287768
83,Elmhurst/Maspeth,Queens,2441,2702,93183.04000000001,5.994555510036869,23.265464973371568,21.0,38.17412535845965
216,South Ozone Park,Queens,11006,14074,417810.35,19.98377521351989,20.914864619298566,13.0,37.96205251680901
25,Boerum Hill,Brooklyn,17178,20567,867817.5100000002,8.125601932704631,33.81167772732565,29.0,50.519123879380615
247,West Concourse,Bronx,4141,5193,187710.28000000017,7.360978024631731,31.259599130644773,27.0,45.3296981405458
145,Long Island City/Hunters Point,Queens,26586,30561,941933.6200000029,9.19399119837509,20.841834047995185,18.0,35.42968554878519
102,Glendale,Queens,1955,2057,86222.92000000004,7.869682864450129,28.918158567774935,27.0,44.10379539641946
63,Cypress Hills,Brooklyn,2278,2275,91292.70999999999,7.486571553994729,29.52238805970149,23.0,40.075816505706754
146,Long Island City/Queens Plaza,Queens,7963,9509,289545.60000000003,9.89546150948137,23.519527816149694,19.0,36.361371342458874
65,Downtown Brooklyn/MetroTech,Brooklyn,15637,19062,729237.3099999997,15.2918660868453,30.669565773485964,26.0,46.63537187440044
94,Fordham South,Bronx,708,725,36624.70999999999,9.957641242937855,38.06920903954802,33.0,51.72981638418078
179,Old Astoria,Queens,8340,9324,323881.1499999994,5.969044364508396,24.03381294964029,21.0,38.834670263788894
215,South Jamaica,Queens,3181,3480,115110.16999999984,6.700380383527194,27.275385099025463,18.0,36.18678717384465
82,Elmhurst,Queens,6033,6488,237898.74999999997,6.6007011437096,27.49096635173214,24.0,39.4329106580474
35,Brownsville,Brooklyn,3602,3276,135483.6999999999,7.001757357023879,36.063853414769575,30.0,37.61346474181008
18,Bedford Park,Bronx,1526,1453,85317.42000000001,11.205262123197897,38.50917431192661,33.0,55.90918741808651
92,Flushing,Queens,6952,8689,309078.36000000004,7.6015333716916,26.259062140391254,22.0,44.458912543153055
46,City Island,Bronx,312,362,23931.949999999997,15.674487179487182,46.35576923076923,37.0,76.70496794871794
16,Bayside,Queens,1891,2137,109215.18999999994,11.617932310946589,30.828133262823904,26.0,57.75525647805391
67,Dyker Heights,Brooklyn,1398,1509,90729.22000000003,12.858884120171671,39.94635193133047,36.0,64.8992989985694
133,Kensington,Brooklyn,2785,3148,175669.3799999999,11.2419066427289,37.68330341113106,34.0,63.076976660682185
47,Claremont/Bathgate,Bronx,1241,1212,57693.07000000001,35.451474617244195,35.79854955680902,29.0,46.489178082191785
122,Hollis,Queens,1017,1154,44547.30999999998,8.767207472959683,31.692232055063915,25.0,43.80266470009831
81,Eastchester,Bronx,1006,932,59874.75000000003,12.822037773359838,42.42644135188867,37.5,59.517644135188895
118,Heartland Village/Todt Hill,Staten Island,171,238,20377.170000000002,22.191228070175438,56.64912280701754,46.0,119.16473684210527
55,Coney Island,Brooklyn,2531,2528,146912.89999999997,12.735547214539709,46.74595021730541,42.0,58.04539707625443
218,Springfield Gardens North,Queens,2746,3048,92916.92999999998,6.535557174071377,26.728696285506192,14.5,33.83719227967953
167,Morrisania/Melrose,Bronx,1545,1607,72155.63000000003,8.600977346278318,38.10032362459547,28.0,46.7026731391586
121,Hillcrest/Pomonok,Queens,2232,2473,96278.6,27.043503584229367,28.95206093189964,25.0,43.13557347670251
165,Midwood,Brooklyn,2865,3061,162393.58000000007,27.554356020942397,41.55846422338569,38.0,56.68187783595116
117,Hammels/Arverne,Queens,1528,1494,89732.22000000007,57.87664921465964,50.674083769633505,42.0,58.725274869109995
77,East New York/Pennsylvania Avenue,Brooklyn,1882,1663,72646.94000000003,7.306386822529226,33.19447396386823,27.0,38.600924548352836
51,Co-Op City,Bronx,2098,2041,123857.9099999999,12.573512869399428,42.98999046711153,37.0,59.03618207816964
20,Belmont,Bronx,1313,1396,77377.09999999999,11.049299314546841,36.578065498857576,33.0,58.931530845392224
248,West Farms/Bronx River,Bronx,1041,1058,51636.619999999995,9.717233429394815,32.48895292987512,27.0,49.60290105667627
155,Marine Park/Mill Basin,Brooklyn,2718,3000,139213.2699999999,10.395507726269315,33.13097866077999,28.0,51.219010301692386
57,,,211,250,8306.869999999999,6.850142180094788,22.900473933649288,19.0,39.36905213270142
22,Bensonhurst West,Brooklyn,1861,1915,111455.27999999997,12.261574422353574,41.02632993014508,37.0,59.889994626544855
190,Prospect Park,Brooklyn,1558,1845,77315.51999999997,7.59497432605905,37.465982028241335,33.0,49.62485237483952
254,Williamsbridge/Olinville,Bronx,1711,1633,100852.49999999997,12.360613676212742,40.86908240794857,35.0,58.943600233781396
212,Soundview/Bruckner,Bronx,1030,1031,50763.07000000002,9.566592233009711,34.37378640776699,27.0,49.284533980582545
60,Crotona Park East,Bronx,864,850,42766.98999999999,9.593194444444448,37.616898148148145,30.5,49.49883101851851
207,Saint Michaels Cemetery/Woodside,Queens,716,789,9607.49,1.1828351955307266,41.07122905027933,1.0,13.418282122905028
11,Bath Beach,Brooklyn,756,793,47971.02000000002,13.65984126984127,42.47222222222222,37.0,63.45373015873018
187,Port Richmond,Staten Island,82,97,9834.769999999999,22.562317073170732,49.75609756097561,45.0,119.93621951219511
27,Breezy Point/Fort Tilden/Riis Beach,Queens,236,282,19575.299999999996,16.56792372881356,39.88559322033898,36.0,82.94618644067795
59,Crotona Park,Bronx,73,87,4185.459999999999,9.986575342465756,52.178082191780824,34.0,57.33506849315067
204,Rossville/Woodrow,Staten Island,40,46,6253.22,28.434000000000005,57.25,56.5,156.3305
8,Astoria Park,Queens,156,191,6483.0,6.844294871794872,21.916666666666668,21.5,41.55769230769231
