trip_date,total_trips,total_passengers,total_distance,total_revenue,avg_trip_distance,avg_trip_duration_minutes,median_trip_duration_minutes,avg_amount_per_trip,avg_amount_per_mile,avg_speed_mph
2024-04-01,92314,115434,553948.7799999944,2715738.089999948,6.000701735381355,16.486372597872478,12.0,29.418485711809133,17.4708262250533,24.19566483377565
2024-04-02,129306,142242,521655.340000001,3603166.3899999587,4.034270180811417,18.085115926561798,14.0,27.86542302754674,18.264769703250774,15.512852213223121
2024-04-03,137255,144908,627773.6699999971,3794701.9599999283,4.573776328731173,18.110575206731994,14.0,27.64709453207481,18.250468848834092,16.49396208944983
2024-04-04,135069,149932,752994.0500000039,3832611.7399998372,5.574884318385447,17.884962500647816,14.0,28.375213705586308,16.755771009364263,20.880578284718197
2024-04-05,132008,151224,624849.0000000015,3652091.479999853,4.733417671656275,17.250378764923337,13.0,27.66568298890865,16.423118644985333,16.58396106104942
2024-04-06,129101,153354,761838.7699999963,3392390.8499999484,5.901106652930623,16.437626354559608,13.0,26.277029999767223,17.18060720229804,19.660317883733605
2024-04-07,103654,125208,482855.40000000165,2979913.169999837,4.658338317865221,16.062120130433943,12.0,28.748655816464748,17.52729171320194,15.573442581531918
2024-04-08,95659,113912,709054.139999998,2765522.869999899,7.41230976698479,16.034518445729102,12.0,28.910221411470943,17.685936565485278,72.78181351448276
2024-04-09,118653,132590,454720.12000000145,3386136.449999932,3.8323524900339767,17.714562632213262,13.0,28.53814442112658,17.110279365848953,12.879500546136981
2024-04-10,119835,127678,947693.3400000032,3321630.799999945,7.908318437852073,15.974965577669295,12.0,27.718369424625067,16.545890591848668,19.94541475611186
2024-04-11,140046,145066,624119.2499999997,3921856.9099998293,4.456530354312152,17.718535338388815,14.0,28.00406230809755,17.426300437066587,13.162595352126395
2024-04-12,121743,142465,637804.6899999976,3421418.7399997856,5.238943430012384,17.289306161339873,13.0,28.103617785004356,17.629321696157135,15.646393150193804
2024-04-13,127656,157675,699049.6999999976,3281899.699999907,5.4760426458607325,15.589169330074576,12.0,25.70893416682261,16.400992969141196,19.889485293199858
2024-04-14,109427,128660,560833.4099999984,3157367.2499997336,5.12518309009658,16.599605216262898,13.0,28.85363986949961,15.881323836377835,18.971908863077395
2024-04-15,99339,119112,558364.419999999,2987290.159999899,5.620797672615981,17.631645174604134,13.0,30.071675374222604,18.18172132263313,16.514982048992785
2024-04-16,109389,129196,438594.28000000375,3157941.2099998677,4.00949163078558,18.05577343242922,14.0,28.868910128073825,17.66576853956366,11.993984551688879
2024-04-17,124735,144421,814006.2200000016,3557167.8499998716,6.5258846354271185,18.02865274381689,14.0,28.517800537137706,18.518067997888206,23.028248403939966
2024-04-18,132266,151180,524603.1100000002,3798665.4699998293,3.96627334311161,18.282922292955107,14.0,28.71989377466491,19.286512408441407,12.956380478373278
2024-04-19,117358,144607,522066.83999999845,3307769.379999851,4.448498099831272,17.465013037031987,13.0,28.185290989961068,17.18497800305618,15.220258734060558
2024-04-20,130516,157062,667516.3200000008,3491225.1899998905,5.114440528364344,17.04284532164639,13.0,26.749403827882333,16.900130671378633,18.651702025258615
2024-04-21,103893,125903,544380.7000000012,2970216.089999919,5.239820777145729,15.819631736498128,12.0,28.589183968120267,18.43244973011567,17.759345968516033
2024-04-22,88958,109589,397890.6100000014,2617774.1099998876,4.47279176690125,16.574720654690978,12.0,29.427079183433616,17.886864425180192,13.34103514509916
2024-04-23,98528,121609,389494.27000000037,2795998.8299999153,3.9531328150373537,16.03622320558623,12.0,28.37770816417582,17.231585552431604,12.950084616540131
2024-04-24,106935,131393,359704.7600000003,3089609.8999999124,3.3637701407397045,16.971440594753822,13.0,28.892410342730745,17.375010126923996,10.902350606360256
2024-04-25,121165,146769,498332.1799999981,3585083.5499999104,4.112839351297801,19.032616679734247,14.0,29.588441794246773,18.630249153965412,13.737555655397895
2024-04-26,111195,142156,774339.8599999994,3222589.7099999012,6.963801070192,17.94022213229012,13.0,28.981426413057253,18.959287879264703,23.65681393933396
2024-04-27,116009,153281,582325.7699999982,3111877.619999951,5.019660284977873,16.247679059383323,12.0,26.82444999956858,17.862713952940606,19.116381175178
2024-04-28,97617,123722,614388.3000000018,2862291.8599999165,6.293865822551418,15.906717067723859,12.0,29.321653605416234,16.737124636214517,22.95084460907672
2024-04-29,95577,119220,581802.2899999985,2855076.1599999247,6.087262521317875,16.613515804011424,12.0,29.872000167403503,17.233422754940708,19.586218201841458
2024-04-30,110270,132887,668658.790000003,3105564.909999968,6.063832320667479,16.448607962274416,13.0,28.16328022127476,18.283565216577248,16.30451559390598
2024-05-01,120089,142535,390455.0800000007,3476859.3199999556,3.2513808925047316,18.21411619715378,14.0,28.952354670285835,18.94397417627085,10.120005278603184
2024-05-02,131058,153385,477506.0100000059,3849057.17999977,3.643470906011124,18.66678111980955,14.0,29.369112759234614,18.583533482528065,11.516977527855492
2024-05-03,125960,154399,460493.6500000021,3618515.7899999074,3.6558721022547007,17.608161321054304,13.0,28.727499126706157,17.32175414425272,12.351241480447552
2024-05-04,131403,166756,795921.9199999983,3459234.309999906,6.057106154349583,16.225930914819298,13.0,26.325383058224745,16.891144017796417,22.619574385598266
2024-05-05,117843,135339,542640.6900000047,3406871.4999998445,4.604776609556823,16.44294527464508,12.0,28.910257715773056,18.4941352636123,20.512519302605327
2024-05-06,101398,120534,444644.18999999994,3142432.2299999194,4.385137675299315,18.518313970689757,14.0,30.99106718081145,17.73875997696959,12.042758973639257
2024-05-07,117552,137553,710118.4600000028,3431976.999999946,6.040887947461572,18.828714100993604,14.0,29.195394378657497,17.80276073442772,29.26716665842732
2024-05-08,125858,145399,723443.9000000049,3702734.0199998445,5.748096267221829,18.987843442609925,14.0,29.419933734842797,18.566164706297904,18.10715335265708
2024-05-09,134550,155634,712373.3100000003,3987716.079999826,5.294487625418062,18.92361204013378,14.0,29.637429059827767,17.73671906833701,17.341524020220085
2024-05-10,136025,155494,857346.1200000073,3910062.989999884,6.302856974820859,18.641176254365007,13.0,28.745179121484167,19.13511874264012,21.188779683077758
2024-05-11,128622,157521,462545.45999999624,3437964.4199999073,3.5961613098847494,16.782129029248495,13.0,26.7292097774868,17.77313190030252,11.821470022361087
2024-05-12,110546,134126,808020.7299999967,3179896.0099999,7.309361985055965,16.444846489244295,12.0,28.765364735041523,18.338589708685397,22.0319695497913
2024-05-13,109636,127040,687969.8599999972,3345425.669999848,6.275036119522759,18.520777846692692,14.0,30.513934018021892,17.3272305534826,20.205454285325377
2024-05-14,129933,143938,632296.4399999992,3872395.459999911,4.866326799196504,19.597846582469426,15.0,29.80301740127536,18.73799118263083,13.22254628815062
2024-05-15,136500,148575,926804.340000002,4109378.7599999346,6.789775384615399,20.024043956043958,15.0,30.10533890109842,19.597030085337998,24.258316226945578
2024-05-16,141623,157522,621468.189999999,4230209.21999977,4.388186876425433,19.390911080827266,14.0,29.869507212809854,18.69369527529575,14.768308887522707
2024-05-17,131131,153720,667623.2900000007,3812464.0799998613,5.091269722643774,18.59124844621028,13.0,29.073705531109052,18.702229172310542,20.136983198366007
2024-05-18,135694,159013,1128766.769999998,3696617.6799998595,8.318472224269296,17.46305658319454,13.0,27.242307544916205,17.893139893750817,38.289328590733
2024-05-19,112481,131390,549380.979999996,3679811.149999867,4.884211377921569,17.596980823427955,13.0,32.71495763728867,18.67306580190048,15.231854856577618
2024-05-20,104837,123821,385936.1300000008,3158958.1999998987,3.681296965765911,17.976544540572508,13.0,30.132092677202692,17.62374533007723,11.32088779199301
2024-05-21,119667,138065,694842.2899999951,3466340.459999702,5.806465358035174,18.156350539413538,14.0,28.96655268369477,17.464052574966214,16.99538379566572
2024-05-22,128864,146292,538584.569999999,3767060.399999922,4.1794804600198585,18.256308976905885,14.0,29.23283772038678,18.887372781745427,22.7276710591308
2024-05-23,120682,139821,502084.99000000017,3566512.639999839,4.160396662302582,18.79327488772145,14.0,29.55297923468155,19.083369752242323,12.030450434720827
2024-05-24,107718,130968,501493.2500000008,3182846.1799999513,4.655612339627553,18.5161811396424,13.0,29.54795094598815,18.014295354939073,13.425256175813592
2024-05-25,88261,118761,831268.9599999895,2398233.1699998877,9.418304347333358,15.603414871800682,12.0,27.172059799910354,17.700022198621305,33.99934475290894
2024-05-26,83914,105867,467333.9699999993,2354790.079999937,5.569201444335859,15.386038086612484,12.0,28.061945324974822,16.072153685613895,25.995376474140226
2024-05-27,71214,90693,493465.789999999,2148309.199999914,6.929336787710268,14.963223523464487,11.0,30.166950318756342,17.69564711902022,32.78329088769122
2024-05-28,103132,126417,760475.4699999967,3135561.839999947,7.373807062793282,18.422012566419735,14.0,30.40338440057351,17.52622609010438,16.869480604468386
2024-05-29,119366,139580,643068.77,3463635.2999998364,5.387369686510397,18.345718211215924,14.0,29.016933632691355,18.491559908512965,17.100271647823437
2024-05-30,121754,143614,405458.41999999894,3587156.0199999237,3.3301445537723517,18.841081196511,14.0,29.462325837343524,18.63412912072453,9.85632882772378
2024-05-31,115248,140836,552944.8600000015,3330198.1799998544,4.797869464112188,18.449986116895737,13.0,28.8959303415231,19.523174794248266,15.1792053989198
2024-06-01,128177,155590,765214.5700000001,3458706.6299998914,5.969983460371206,16.838278318263026,13.0,26.983831966732655,17.356461815561975,17.635163234371618
2024-06-02,104989,126736,747721.2300000013,3218459.0299999667,7.121900675308854,18.266094543237863,13.0,30.65520225928399,17.848235870836515,28.881613779206862
2024-06-03,107836,126498,698068.9399999992,3213121.7699999604,6.473431321636553,17.478374568789643,13.0,29.79637384546868,19.407153726113012,24.603069311905735
2024-06-04,122831,141183,814722.1300000008,3594375.569999834,6.63287061083929,18.52012928332424,14.0,29.262772182916642,19.020807735401817,17.0522387407004
2024-06-05,131957,148697,703426.4599999974,3808587.239999885,5.330724857339871,18.519775381374235,14.0,28.862335760890936,19.507176903096845,18.064768560664877
2024-06-06,139728,155815,582209.7100000011,4155957.6799999913,4.1667361588228635,19.45839774418871,15.0,29.743198786213153,20.46278597676643,14.639325782554348
2024-06-07,129581,149845,676564.4000000036,3702121.0500000073,5.221169770259557,18.08833856815428,13.0,28.569937336492288,19.259175764253328,13.783576216887106
2024-06-08,129641,152029,733914.1400000101,3473732.1699998286,5.6611268040204115,16.586835954674832,13.0,26.795012148933044,16.982145853214607,26.614435241574533
2024-06-09,104706,119542,802658.4600000033,3213754.039999946,7.665830611426311,17.80430920864134,13.0,30.69312207514322,18.69915399222609,21.981952040646306
2024-06-10,104048,124013,844627.8000000013,3117528.1899998607,8.11767453483009,17.586460095340612,13.0,29.962403794401244,18.62042243878895,42.4927291993816
2024-06-11,117654,139902,577465.9999999995,3338070.109999911,4.908171417886341,17.32376289798902,13.0,28.371921991601738,18.404075111947403,14.414733961943439
2024-06-12,120646,144320,534003.9199999999,3392354.8099999353,4.426204930126153,16.802007526150888,13.0,28.11825348540304,17.073082339727975,15.139706888066508
2024-06-13,126136,151110,514175.41000000096,3580803.5199998855,4.076357344453613,17.230314898205112,13.0,28.38843407116038,18.971224107293274,12.983918382804442
2024-06-14,121251,146167,527962.7999999996,3371695.490000026,4.354296459410641,16.6642914285243,12.0,27.80756851489906,19.845644320308136,15.55147920075389
2024-06-15,112932,141251,387192.9399999997,3048807.459999938,3.4285493925548094,16.216395707151207,12.0,26.99684287890003,17.616834240972594,11.846512640596119
2024-06-16,102857,116030,640648.7899999995,3008610.1599999,6.228538553525763,15.62720087111232,11.0,29.250417181134,17.046790993445725,29.304194755261367
2024-06-17,98665,118586,350822.2099999988,2827790.669999948,3.5556905690974387,16.060842243956824,12.0,28.660524704808672,17.8717322790366,12.035296906814496
2024-06-18,120014,138852,485273.54000000015,3329426.109999957,4.043474427983403,17.188361357841586,13.0,27.74198101888077,19.499279273093865,11.180393672000113
2024-06-19,101409,128302,395661.6099999985,2839985.4399999627,3.9016419647171205,16.128519164965635,12.0,28.005260282617545,17.78366286048833,17.19602721635079
2024-06-20,122383,145557,608549.170000001,3545879.8999999356,4.972497569106828,18.768325666146442,14.0,28.973631141579595,21.117898595122483,13.577469878126559
2024-06-21,116965,144206,498467.20000000496,3329519.679999753,4.261678279827342,17.989723421536358,13.0,28.465948617105568,19.805188300548195,12.71112325332154
2024-06-22,115433,146742,411082.60000000166,3076308.3499999777,3.5612225273535443,15.984008039295523,12.0,26.6501637313418,17.754880059204968,14.88339205780218
2024-06-23,100471,127587,611125.7100000001,2898980.3499999274,6.082608016243494,16.290272815041156,12.0,28.85390162335328,18.18189005759373,19.985082105490655
2024-06-24,107938,128729,984802.810000003,3316733.9999999614,9.123782263892261,18.198891956493544,13.0,30.728140228649423,18.997556293332696,34.98312629504733
2024-06-25,124556,140089,514751.1400000026,3663669.2299999134,4.132688429300897,18.95500818908764,14.0,29.41383177044794,20.394103802355612,15.446813255522956
2024-06-26,130629,146626,699170.9900000015,3817135.879999933,5.352341287156769,19.114201287616073,14.0,29.221198049437206,20.496613276215943,14.264351485548913
2024-06-27,125420,141987,606395.0299999993,3884175.519999908,4.834914925849142,20.708698772125658,15.0,30.96934715356329,19.954078625277234,22.84758056896627
2024-06-28,110001,130300,447116.38000000094,3277818.209999868,4.064657412205352,19.08922646157762,14.0,29.798076472030875,19.268166530753337,20.88561405643797
2024-06-29,107555,133094,409846.3800000016,2948496.3999999305,3.810574868671857,16.845474408442193,13.0,27.413847798799967,18.557763886361364,12.557972162915936
2024-06-30,89696,106915,530461.6100000015,2668150.439999895,5.913994046557277,16.891589368533715,13.0,29.746593382089447,19.137602614316762,24.413377111992684
