location_id,zone,borough,total_trips,total_passengers,total_revenue,total_distance,avg_trip_distance,avg_trip_duration_minutes,median_trip_duration_minutes,avg_amount_per_trip,avg_amount_per_mile,avg_speed_mph,avg_tip_rate
237,Upper East Side South,Manhattan,501183,605204,10432192.059999697,1313964.7800000138,2.6217265549709663,12.68955251874066,10.0,20.81513550938419,17.991643030045736,13.109176335776379,0.1216890219484841
161,Midtown Center,Manhattan,493330,610563,12513339.259999577,1246479.5100000105,2.526664727464396,16.196035108345328,13.0,25.365048263838762,19.47251076249297,8.959638168767349,0.11896327306729455
132,JFK Airport,Queens,469160,689365,38637015.750015646,7358486.62000001,15.684386179554972,45.269117145536704,43.0,82.35360164979036,25.739522474850407,23.238166778639233,0.10162955452968593
236,Upper East Side North,Manhattan,457882,539339,9769254.649999818,1558066.9600000042,3.4027696218676518,12.881063243368379,10.0,21.33574731044203,16.594718031360998,15.530779723025484,0.11995603535282051
162,Midtown East,Manhattan,360380,435807,8919769.069999808,1111955.3600000069,3.0855079638159912,15.597749597646928,13.0,24.751010239191434,18.732054272059653,11.148364220320925,0.12205641815944518
138,LaGuardia Airport,Queens,349508,457553,24022234.970001496,3378887.5400000284,9.66755421907375,32.54441958410108,30.0,68.73157401261629,13.945139258622518,20.092867391841764,0.1270545355262112
230,Times Sq/Theatre District,Manhattan,349030,473987,10232879.589999508,1279685.420000002,3.6664052373721514,18.08407873248718,14.0,29.318051714750904,20.75070178958392,11.182923549788338,0.11326321395934488
142,Lincoln Square East,Manhattan,344136,420437,7719901.410000094,1037668.4499999895,3.0152859625264123,13.72247890368924,11.0,22.432705122393745,15.824453784905913,13.980774074606465,0.12028843239003294
186,Penn Station/Madison Sq West,Manhattan,332180,412801,8566544.989999913,842614.8899999972,2.536621379974704,17.833460774279004,15.0,25.78886444096548,17.951502166285465,8.696063445445027,0.12005200942002246
170,Murray Hill,Manhattan,304569,358670,7506286.709999902,795825.5499999997,2.6129565057507484,15.498891876717591,13.0,24.645603163814776,20.25159088340508,10.299915215920482,0.11582240492867366
163,Midtown North,Manhattan,302798,377986,7652971.369999938,954635.2899999944,3.152713327036488,15.785583128025944,12.0,25.274180707930494,18.793929871152134,12.242879179874432,0.11803523391429285
239,Upper West Side South,Manhattan,297533,348841,6646179.760000038,1000200.2000000016,3.361644590684064,13.376855676513193,10.0,22.337622246944164,15.345956963485962,13.566083222212205,0.11904809599344353
68,East Chelsea,Manhattan,283817,348183,7488750.1099999305,819633.9399999974,2.8878958624747546,18.04905978147891,15.0,26.385840559233344,17.83291444817183,9.580135798002477,0.115220958149117
234,Union Sq,Manhattan,281592,328026,6506751.079999983,706315.1099999994,2.5082925296173166,14.903832495241343,12.0,23.107016818659563,17.659441048198868,10.814608422657882,0.11671029692308038
48,Clinton East,Manhattan,264902,331718,6482313.929999965,865441.789999997,3.2670262587673817,14.94383583362904,12.0,24.47061150916175,18.649184750273434,13.524432642403855,0.11225244449508917
79,East Village,Manhattan,245581,275377,5715066.440000018,1163828.9000000036,4.7390836424642115,14.48249661007977,12.0,23.27161482362242,15.368895656110746,20.451068988457322,0.10518053647767141
249,West Village,Manhattan,245060,282746,5703168.999999997,683845.5799999943,2.7905230555782023,15.140092222312903,12.0,23.27254141842813,16.07945107748627,12.337301151417456,0.11346491582066713
164,Midtown South,Manhattan,238560,290732,6053350.499999922,589270.5799999991,2.4701147719651204,15.751454560697518,13.0,25.374540995975526,20.413593245482403,9.155594861327568,0.11246087853702631
141,Lenox Hill West,Manhattan,235480,273378,4990121.6500000255,521774.8600000008,2.2157926787837643,12.729904875148632,10.0,21.191275904535527,17.48442063844134,10.497821391322443,0.11507549128492946
107,Gramercy,Manhattan,211508,240373,4807386.81999994,627724.6000000022,2.9678527526145686,14.156386519658831,11.0,22.729101594265654,16.719428261537903,11.521089486886403,0.11180471964370661
238,Upper West Side North,Manhattan,210890,235558,4646830.180000001,743914.5300000007,3.5275002607994725,13.165228318080516,10.0,22.034378965337382,15.483397292679967,20.23645686960694,0.11491855760754577
140,Lenox Hill East,Manhattan,203860,227520,4750137.629999977,842306.5500000017,4.131789218090855,14.526954772883352,12.0,23.30097925046589,16.178890347067618,21.88463295373378,0.11306010133967062
263,Yorkville West,Manhattan,196722,218383,4583303.48999997,698020.8000000032,3.5482599810900823,12.288762822663454,10.0,23.29837786317733,16.127445505079773,19.17937630960897,0.11079791746639406
246,West Chelsea/Hudson Yards,Manhattan,187266,226545,4706387.669999963,450006.06000000087,2.403031303066231,16.980087148761655,14.0,25.132099099676196,16.282154997578747,9.097247122585195,0.11131431735311051
229,Sutton Place/Turtle Bay North,Manhattan,186918,218237,4194068.109999975,969231.2499999981,5.185328593286886,14.036604286371563,12.0,22.438010838977387,18.36237485977602,24.06855719130136,0.11641009941288186
43,Central Park,Manhattan,170777,229583,3974780.389999973,560708.5300000008,3.283278954425952,15.500477230540412,12.0,23.27468212932639,16.47911510876756,15.496990323989598,0.11905902982216944
90,Flatiron,Manhattan,167586,196308,3922236.9599999525,791256.4700000023,4.7214950532860875,14.861503944243552,12.0,23.404323511510224,18.376822151785053,16.671550969976963,0.11630445509444996
100,Garment District,Manhattan,157570,199666,4013617.9699999494,672533.0999999925,4.268154471028701,16.370654312369105,13.0,25.471967823824013,20.690964074197762,15.34654485183328,0.10863878914372986
231,TriBeCa/Civic Center,Manhattan,150230,171431,4117149.2199999946,892331.0400000017,5.939765958863088,17.620601743992545,14.0,27.405639486121245,16.469321424821597,27.974276772134644,0.1098444887354851
262,Yorkville East,Manhattan,149090,153806,3384243.199999954,994995.8600000006,6.673793413374476,13.105178080354149,11.0,22.699330605674117,15.456676871278432,38.013571096530846,0.10697158848345584
114,Greenwich Village South,Manhattan,148741,176465,3468294.9499999797,700413.5300000035,4.708947297651647,15.04848024418284,12.0,23.317679389004912,15.421773167647329,20.27905295040512,0.10996636851796941
113,Greenwich Village North,Manhattan,148203,169335,3425787.249999959,453291.88999999716,3.0585878153613435,15.271263064850238,12.0,23.11550542161737,17.026000748100678,11.363678138832661,0.11542803759392053
233,UN/Turtle Bay South,Manhattan,126927,146965,3315245.569999974,504707.4700000002,3.9763601912910587,15.736754197294507,13.0,26.119309288015742,18.334414322283113,16.287485648924186,0.11026844271066129
143,Lincoln Square West,Manhattan,120624,125521,2639487.4899999863,602198.9199999997,4.992364040323648,13.383771057169385,11.0,21.881942979838062,16.326785860678548,30.233865719979555,0.10582522834527316
148,Lower East Side,Manhattan,115026,131802,2987056.7799999956,486136.13999999774,4.226315267852466,16.475709839514543,13.0,25.968535635421517,17.613977341065194,14.925204026167796,0.10017751813696972
158,Meatpacking/West Village West,Manhattan,111743,127596,2833346.3899999866,487713.63000000175,4.364601183071886,16.747160895984536,14.0,25.355918402047436,15.450425056152227,19.8527162481819,0.10621800889930806
137,Kips Bay,Manhattan,111491,119548,2529354.309999993,738190.8199999962,6.621079907795214,14.325631665336216,11.0,22.686623225193003,16.039544231181743,67.45801871277047,0.10140837751829887
144,Little Italy/NoLiTa,Manhattan,106254,124203,2647503.2899999963,668932.6200000041,6.29559941272803,16.890404125962316,13.0,24.9167399815536,18.022902059394333,29.221141834942433,0.10200569883544688
151,Manhattan Valley,Manhattan,87053,93576,1906658.8000000124,445321.9499999999,5.1155267480730116,13.763948399251031,11.0,21.90227562519399,14.878852792789667,17.282516107102754,0.10650687919212824
211,SoHo,Manhattan,86259,101145,2144030.5900000054,308501.9499999999,3.5764610069673877,16.751399853928287,13.0,24.855732039555356,17.739618816314554,12.397942088822484,0.1068970843407101
75,East Harlem South,Manhattan,68463,65292,1528601.2200000053,531052.8800000012,7.756786585454934,14.934840716883572,11.0,22.327406336269302,16.38804227179612,42.52302255524448,0.07939784658858982
50,Clinton West,Manhattan,68008,73875,1637894.2500000054,444949.6499999994,6.54260748735442,14.903246676861546,12.0,24.08384675332322,17.19352545383219,20.90542121193942,0.09696939480888656
13,Battery Park City,Manhattan,67689,75551,2203660.9100000015,381184.5599999997,5.631410716660015,19.82236404733413,17.0,32.55567241353841,14.181691848863139,19.210482805966837,0.10992643850514425
87,Financial District North,Manhattan,63541,67003,2053969.3400000012,375269.23,5.9059383705009365,20.153774728128294,17.0,32.32510253222331,18.905956063218635,18.48480713765875,0.09817052550969471
261,World Trade Center,Manhattan,56234,71880,1879272.8800000043,284578.8600000005,5.0606191983497615,22.14677952839919,19.0,33.41880143685323,15.903093318171248,15.245282971119106,0.10277266167291146
166,Morningside Heights,Manhattan,55866,53125,1352718.8799999957,526442.0100000005,9.423298786381707,16.10306805570472,13.0,24.213634052912248,12.751235823486928,30.684072036938144,0.0941812312197747
125,Hudson Sq,Manhattan,54372,62855,1368010.2700000028,232265.99999999988,4.271794305892737,15.840414183771058,12.0,25.160197712057727,17.16402299055455,14.317791352254485,0.11307339793085874
70,East Elmhurst,Queens,42284,57634,2784841.869999986,489341.4799999993,11.572733894617333,31.767879103206887,28.0,65.86041694257842,13.03738155938425,25.89403457728197,0.12092178793315549
88,Financial District South,Manhattan,33765,38125,1135147.1799999997,275126.10000000015,8.148262994224794,21.5846882866874,18.0,33.61904871908781,17.37090872399317,31.13238273309272,0.09230245478494602
264,,,33582,46516,1007173.1100000043,121928.52999999998,3.630770353165386,17.92787802989697,12.0,29.99145703055221,26.98453812665822,11.531760444348194,0.11857783918356159
41,Central Harlem,Manhattan,32688,26365,744994.3799999994,720746.3199999973,22.049263338228013,15.992566079295154,12.0,22.791066446402333,14.659585503799414,78.53569628823365,0.05993744934467596
24,Bloomingdale,Manhattan,29417,29937,679295.5700000017,494979.83000000054,16.826319135193955,14.675969677397424,12.0,23.091939014855413,13.7288160601324,74.6297263700017,0.1007572423630091
74,East Harlem North,Manhattan,28871,23438,662533.9900000023,598081.4199999985,20.715646150115983,15.894634754598039,13.0,22.948079041252548,16.18337223211992,129.90693133643,0.04965532444744335
209,Seaport,Manhattan,22680,25114,702006.7500000009,131321.25000000012,5.7901785714285765,19.608509700176366,16.0,30.952678571428613,22.66808683108601,18.529289047814554,0.09681920578310978
4,Alphabet City,Manhattan,18719,13562,459425.6200000006,213571.63000000053,11.409350392649209,16.227576259415567,13.0,24.54327795288213,16.688325144982645,31.719457797957716,0.06596615992569325
224,Stuy Town/Peter Cooper Village,Manhattan,17064,12390,408214.82000000036,44525.450000000026,2.6093207923113,15.044362400375059,13.0,23.922575011720603,15.821158295053056,10.822948273023924,0.07219426734781288
232,Two Bridges/Seward Park,Manhattan,16843,13504,473697.8200000007,138800.83999999976,8.240862079202028,18.80151991925429,16.0,28.124313958321007,17.976109810616713,48.57682066868637,0.06548115313156178
42,Central Harlem North,Manhattan,16562,10203,416330.070000002,412173.8699999996,24.886720806665835,20.257215312160366,15.0,25.13766875981174,16.3496100262008,84.92816031570246,0.023925425568842657
45,Chinatown,Manhattan,16255,18233,475378.27000000083,146691.58999999985,9.024398031374952,20.28243617348508,16.0,29.24504890802835,21.453912845564968,14.416835623161363,0.0866536012578162
145,Long Island City/Hunters Point,Queens,11157,9240,351034.8300000001,35867.970000000016,3.214840010755581,15.22281975441427,10.0,31.463191718203824,72.86838713197736,12.490717969251254,0.04090255417192028
116,Hamilton Heights,Manhattan,11147,6947,289803.0900000003,400049.9500000001,35.888575401453316,18.599712927244997,16.0,25.998303579438442,13.310549363935333,141.20911338569042,0.040802190849711636
244,Washington Heights South,Manhattan,9814,6481,292749.1700000003,132358.2800000002,13.486680252700245,21.593437945791727,17.0,29.829750356633408,15.795262439173756,48.909483111545384,0.038620546354234994
226,Sunnyside,Queens,9332,8596,347727.40000000014,370248.5399999992,39.67515430775817,21.308615516502357,18.0,37.26183026146594,32.96136905289073,113.79764305240154,0.05441858972530345
152,Manhattanville,Manhattan,9178,6777,217495.35000000033,30973.259999999973,3.374728699062974,15.856068860318151,13.0,23.697466768359156,14.146361163080135,12.547648746629214,0.05172394845148143
255,Williamsburg (North Side),Brooklyn,8806,3156,272929.63000000035,94447.98999999999,10.725413354531,21.01294571882807,20.0,30.99359868271637,14.617760453498114,22.832132580532647,0.042072372809156114
65,Downtown Brooklyn/MetroTech,Brooklyn,8583,7360,281295.4000000001,219280.99999999997,25.54829313759757,23.991844343469648,19.0,32.773552370965874,20.485604241342433,50.27131550735606,0.06710987662207013
33,Brooklyn Heights,Brooklyn,8110,5031,264009.6299999999,580702.4999999997,71.60326757090009,24.422194821208386,21.0,32.55359186189887,14.203265254441604,155.97065945117032,0.06475863724002025
7,Astoria,Queens,7627,4998,206067.92,178172.94,23.360815523797037,19.52851711026616,17.0,27.018214238888163,15.793949679162486,63.37966200445965,0.03462704405101426
61,Crown Heights North,Brooklyn,7057,3798,219079.7900000002,351094.76,49.75127674649285,33.54130650418025,28.0,31.044323366869804,17.640245164611084,69.8243799342057,0.010871944723662041
97,Fort Greene,Brooklyn,6469,4605,191102.07000000007,125091.82000000011,19.337118565466085,24.780955325398054,20.0,29.541207296336385,12.132779182372252,60.36357186695418,0.05184812751417947
256,Williamsburg (South Side),Brooklyn,6440,2706,203053.36000000016,28625.620000000006,4.444972049689442,21.66692546583851,19.5,31.530024844720522,30.026225702808063,12.656208353504237,0.043127975388694076
25,Boerum Hill,Brooklyn,6065,4120,184545.44,345421.97000000085,56.95333388293501,26.17823577906018,21.0,30.427937345424567,20.652194035790227,105.25562260007263,0.0557176246962263
265,,,5728,7953,594865.1600000001,50590.77,8.8321875,10.55743715083799,1.0,103.85215782122907,568.023348050934,56.23832233596335,0.07155253409676586
66,DUMBO/Vinegar Hill,Brooklyn,5695,4236,183625.00000000012,170395.85999999958,29.920256365232586,22.513081650570676,20.0,32.24319578577702,22.68114250862281,75.1447319339984,0.05598325359257431
181,Park Slope,Brooklyn,5463,3361,174858.49000000022,67978.87999999996,12.443507230459447,26.53120995789859,23.0,32.00777777777782,14.641796054890872,22.772103259887157,0.04772437905822353
146,Long Island City/Queens Plaza,Queens,5352,4696,145885.50000000003,18363.329999999994,3.431115470852017,17.592301943198805,14.0,27.258127802690588,24.852883511327654,11.882361516403446,0.0582030224558003
80,East Williamsburg,Brooklyn,5129,2455,175012.5200000001,109078.54000000014,21.267018912068657,21.91031390134529,20.0,34.12215246636774,18.303533429639884,138.19236984671082,0.03747018447131157
76,East New York,Brooklyn,4856,3584,161751.52000000008,31421.650000000023,6.470685749588143,38.6748352553542,32.0,33.30962108731468,9.59059739262852,10.753698560224526,0.0021090066497467244
193,Queensbridge/Ravenswood,Queens,4752,4822,90338.06000000001,7197.229999999998,1.5145686026936023,11.142255892255893,1.0,19.010534511784513,42.833012411585365,7.272902112871109,0.01919958922997659
112,Greenpoint,Brooklyn,4559,1503,141811.92,106265.84999999998,23.309026102215395,20.08883527089274,19.0,31.10592673831981,13.066896664756827,65.20496201755518,0.03943367969750186
12,Battery Park,Manhattan,4444,6902,150071.8799999999,19497.530000000006,4.387382988298831,23.122862286228624,21.0,33.769549954995476,12.749527552145407,11.963310190644073,0.09934831293575985
188,Prospect-Lefferts Gardens,Brooklyn,4258,2623,133072.21000000002,143369.54000000012,33.67062940347584,36.706904650070456,30.0,31.2522804133396,13.107959747065411,65.62765621563197,0.006515526134156561
129,Jackson Heights,Queens,4197,3167,151605.36000000004,98092.0900000002,23.371953776507077,23.47414820109602,17.0,36.122315939957126,64.1225721530754,60.71118971318381,0.03516330985827701
39,Canarsie,Brooklyn,4046,2568,135157.41,95680.32000000007,23.648126544735558,37.79016312407316,30.0,33.40519278299555,10.626974220723755,80.46504897360818,0.00181231313280998
10,Baisley Park,Queens,3904,4872,275568.2400000004,104415.27999999994,26.745717213114737,40.84375,38.0,70.58612704918043,46.31453228836207,107.48490745481071,0.07078974530680694
216,South Ozone Park,Queens,3826,4230,224973.17000000004,20513.16000000001,5.361515943544174,20.69864087820178,11.0,58.80114218504967,299.0743246163028,18.277084835838103,0.053572094103465036
89,Flatbush/Ditmas Park,Brooklyn,3657,2401,117452.01999999999,46917.229999999996,12.829431227782335,37.843040743779056,31.0,32.11704129067542,12.402007422327046,16.798547572781583,0.01063266193259201
168,Mott Haven/Port Morris,Bronx,3569,1795,107005.3799999999,58667.629999999976,16.438114317736055,22.800504342953207,18.0,29.9818940879798,20.479732497423274,195.7725984652914,0.008498265461358333
225,Stuyvesant Heights,Brooklyn,3535,1894,109326.57999999999,81398.09000000003,23.02633380480906,33.14879773691655,29.0,30.926896746817537,14.06746741405789,41.13577769195475,0.010330076373646264
17,Bedford,Brooklyn,3533,1757,108166.04999999996,131168.70000000004,37.12671950183981,29.941975658080953,26.0,30.615921313331434,14.698181816345311,96.95906381957495,0.015578743183885283
37,Bushwick South,Brooklyn,3528,1385,111219.84999999998,116492.53000000003,33.01942460317461,29.06235827664399,25.0,31.524900793650787,12.72693638394306,67.15345876218949,0.015624494296368755
49,Clinton Hill,Brooklyn,3424,1600,107632.48999999999,17222.820000000003,5.030029205607478,30.679030373831775,25.0,31.43472254672897,14.741189446564778,10.571630074888333,0.025607067136222884
260,Woodside,Queens,3111,2798,109839.23999999998,13269.059999999998,4.2652073288331716,19.445515911282545,15.0,35.306730954676944,29.42762127857968,14.282456054566183,0.03990148382202371
243,Washington Heights North,Manhattan,3103,1703,102330.38,64876.08999999995,20.907537866580714,22.863680309378022,19.0,32.97788591685466,27.415073102341616,62.65011052418955,0.028233693711153966
130,Jamaica,Queens,3014,2139,129140.91999999994,23883.640000000007,7.924233576642338,29.46151293961513,23.5,42.84702057067019,28.99273397281314,18.27156137644628,0.024503380520605914
35,Brownsville,Brooklyn,2972,2177,90970.97999999992,17510.550000000003,5.891840511440108,37.99461641991925,31.0,30.609347240915184,8.437777430709437,9.596658202552344,0.0009824330513595186
223,Steinway,Queens,2815,2374,125011.27000000005,16185.849999999999,5.749857904085257,24.422380106571936,18.0,44.40897690941387,47.40897939997645,17.67194293830636,0.058365668269246516
72,East Flatbush/Remsen Village,Brooklyn,2797,1752,84820.25000000001,15954.07999999999,5.703997139792632,35.59420808008581,30.0,30.325437969252775,9.490782179275083,9.873505228611279,0.00261573086737475
179,Old Astoria,Queens,2693,1595,76791.13999999998,74729.37000000002,27.749487560341635,22.007055328629782,19.0,28.51509097660601,17.531503810680398,63.83126489407313,0.029461930916486474
95,Forest Hills,Queens,2686,1671,96564.09,153882.0300000001,57.29040580789281,29.03052866716307,23.0,35.950889798957554,22.108202253859872,141.07637018979602,0.01949318826492466
52,Cobble Hill,Brooklyn,2609,1782,83955.58000000005,95467.01000000001,36.59141816788042,23.216558068225375,21.0,32.17921809122271,14.547012253876723,77.23882763128807,0.07919692575129098
91,Flatlands,Brooklyn,2592,1843,82720.30000000002,68560.07999999996,26.450648148148133,39.42206790123457,32.0,31.91369598765433,8.525129875879003,68.81599382781286,0.0019479174209249596
197,Richmond Hill,Queens,2553,2195,111149.24999999997,13795.100000000006,5.403486094790445,24.334900117508813,16.0,43.5367215041128,171.37094559229246,15.9520588138937,0.028319972737150104
62,Crown Heights South,Brooklyn,2357,1422,70413.53,11993.22,5.08834111158252,33.24056003394145,28.0,29.87421722528638,8.543876543139518,9.382898281379743,0.009281166140084436
82,Elmhurst,Queens,2334,1636,82792.64,41602.78999999996,17.82467437874891,24.248071979434446,19.0,35.47242502142245,18.037497097204724,40.598192606197024,0.026047863148383296
71,East Flatbush/Farragut,Brooklyn,2319,1542,68187.25000000004,58641.529999999955,25.28742130228545,34.6877964639931,28.0,29.403730056058667,14.193909388902885,48.348275859861495,0.0022202631665422137
36,Bushwick North,Brooklyn,2237,719,73293.77999999994,11968.479999999994,5.350236924452389,24.957979436745642,23.0,32.764318283415264,13.28663771594093,13.194814116361602,0.027084095876343316
177,Ocean Hill,Brooklyn,2196,1315,70279.35,122096.42999999996,55.599467213114735,35.923497267759565,30.0,32.00334699453552,9.005744366403057,113.16854929947081,0.005062215030620154
215,South Jamaica,Queens,2190,2088,119970.1899999998,30226.299999999996,13.801963470319633,37.03744292237443,33.0,54.780908675799,49.69144639021027,22.03568407232693,0.03856838367401639
40,Carroll Gardens,Brooklyn,2061,1193,65000.50000000002,132285.02999999997,64.18487627365356,22.45414847161572,20.0,31.53833090732655,12.877210526057882,199.80351943011306,0.05811962800383616
247,West Concourse,Bronx,2043,1319,69729.44999999997,12240.389999999998,5.99138032305433,28.001468428781205,22.0,34.130910425844334,13.989193792830518,13.587600380610697,0.024566491937309816
195,Red Hook,Brooklyn,2010,2356,110531.84,17404.119999999988,8.658766169154223,31.844776119402987,30.0,54.99096517412935,27.701708222138734,16.221858278054324,0.048160739758982385
189,Prospect Heights,Brooklyn,2000,999,63798.86000000002,9904.440000000002,4.952220000000001,28.037,24.0,31.89943000000001,15.609218474652709,10.702991812789406,0.04307798383576707
93,Flushing Meadows-Corona Park,Queens,1976,2399,137685.40999999986,16380.070000000005,8.289509109311744,24.350202429149796,20.0,69.67885121457482,65.76105975353649,26.012569063619043,0.0775059565191876
69,East Concourse/Concourse Village,Bronx,1696,1095,56434.44000000003,10679.930000000002,6.29712853773585,35.115566037735846,28.0,33.27502358490568,8.981515149162755,11.364652679391773,0.005503889827020952
51,Co-Op City,Bronx,1630,1198,70391.95000000004,16131.460000000001,9.896601226993866,48.29325153374233,43.0,43.185245398773034,15.88107390520664,14.067111160917952,0.0014485863815899486
14,Bay Ridge,Brooklyn,1591,1222,61200.10000000002,12809.179999999998,8.051024512884977,44.38340666247643,36.0,38.46643620364552,9.501760087287506,14.807667353178383,0.010426102964707275
157,Maspeth,Queens,1572,1203,72329.42,9235.33,5.874891857506361,23.232824427480917,19.0,46.011081424936386,22.140778059399043,17.678002372441917,0.062371521786828275
1,Newark Airport,EWR,1551,2685,158856.13999999996,1020.4799999999999,0.6579497098646034,1.5757575757575757,0.0,102.42175370728559,2594.4154217264822,18.482358362785636,0.09721900109895325
219,Springfield Gardens South,Queens,1544,1793,104529.73999999992,17908.68,11.598886010362694,39.5550518134715,33.0,67.7006088082901,40.270800687685195,20.8561878735737,0.05406497307277598
213,Soundview/Castle Hill,Bronx,1519,970,55207.45000000004,55597.70999999996,36.601520737327164,38.26859776168532,33.0,36.34460171165243,22.04911422646541,49.11636379043462,0.002987595600365233
159,Melrose South,Bronx,1503,880,45781.88999999999,98699.99000000008,65.6686560212908,30.37857618097139,23.0,30.46033932135728,12.804602257587606,225.8294999511952,0.004608662834964713
55,Coney Island,Brooklyn,1486,1313,67352.87000000001,15703.459999999992,10.567604306864059,55.366756393001346,52.0,45.3249461641992,10.873874305352022,12.476315963943781,0.006542082738076697
85,Erasmus,Brooklyn,1483,870,46449.61000000001,8527.549999999997,5.750202292650032,37.98786244099798,29.0,31.32138233310857,11.354967802999317,9.44649529646165,0.0047194485186558156
205,Saint Albans,Queens,1439,1111,58261.53000000001,224160.05000000002,155.7748783877693,45.452397498262684,43.0,40.48751216122308,10.535052653375923,608.3948573268058,0.0021027107796808032
134,Kew Gardens,Queens,1432,1658,83037.87000000001,7864.609999999998,5.4920460893854735,21.294692737430168,14.0,57.98733938547487,368.3988353210272,18.67555299010869,0.05673701811963599
222,Starrett City,Brooklyn,1404,1184,50776.79000000001,10856.920000000007,7.732849002849008,44.92806267806268,40.0,36.16580484330485,13.269202667839286,11.21176200442845,0.0011528103831719514
127,Inwood,Manhattan,1388,894,48615.00000000001,9050.459999999997,6.520504322766569,29.50864553314121,21.0,35.02521613832854,44.0191600281444,14.8575145444573,0.022780635331081028
28,Briarwood/Jamaica Hills,Queens,1366,1195,66266.30999999998,32357.659999999996,23.68789165446559,28.17349926793558,21.0,48.511207906295745,50.23957302631891,34.92875840378947,0.03750652194768052
228,Sunset Park West,Brooklyn,1362,747,49849.119999999995,8986.0,6.597650513950073,37.649045521292216,28.0,36.59994126284875,12.668810131698228,12.75294821228944,0.02248561019711786
191,Queens Village,Queens,1287,920,55618.850000000006,215419.68,167.38125874125873,43.06216006216006,39.0,43.21588966588967,13.292210050944133,487.1396015345393,0.0037679511435978062
218,Springfield Gardens North,Queens,1271,1003,50432.86,11487.690000000002,9.038308418568059,44.185680566483086,37.0,39.679669551534225,7.566766139606881,14.654887452351229,0.003184683271084376
56,Corona,Queens,1188,843,50281.850000000006,8201.48,6.903602693602693,31.946127946127945,26.0,42.32478956228957,14.649930748193096,15.351332504866901,0.023336790433196884
198,Ridgewood,Queens,1187,480,37657.81999999998,15069.429999999998,12.695391743892165,27.1575400168492,25.0,31.725206402695854,23.83401378410392,17.498593130851926,0.015346618054073833
165,Midwood,Brooklyn,1187,968,35601.14999999998,91359.41999999995,76.96665543386685,39.0016849199663,32.0,29.992544229149097,10.891886872917214,48.412876734487135,0.003528562343918278
77,East New York/Pennsylvania Avenue,Brooklyn,1171,810,37927.31999999999,7556.049999999998,6.452647309991459,37.7463706233988,31.0,32.38883005977796,9.379651823578426,10.92037194827446,0.0015232563677819097
167,Morrisania/Melrose,Bronx,1136,739,36536.69999999999,6971.039999999997,6.136478873239434,35.98943661971831,28.0,32.162588028169004,11.323948873283923,10.775304430154678,0.007793281132487753
196,Rego Park,Queens,1120,831,45909.57,6732.069999999999,6.010776785714285,27.526785714285715,21.0,40.9906875,28.92057039241659,15.511489203626121,0.029347594318313158
182,Parkchester,Bronx,1111,721,43427.34999999999,9377.639999999998,8.440720072007199,44.37983798379838,39.0,39.08852385238523,8.872178818817794,12.718982597711166,0.0008981344548475604
235,University Heights/Morris Heights,Bronx,1111,799,40754.40999999998,8733.060000000001,7.860540054005401,38.61566156615662,32.0,36.682637263726356,12.577817322197621,12.974416124824828,0.0028024472413291676
254,Williamsbridge/Olinville,Bronx,1076,759,42428.52000000002,9248.699999999997,8.595446096654273,43.89219330855018,40.0,39.43171003717474,8.174139714271503,12.99717431783085,0.004416839075721796
155,Marine Park/Mill Basin,Brooklyn,1071,790,37305.84999999999,7021.700000000003,6.5562091503268,37.40896358543417,28.0,34.83272642390288,8.847403089911186,11.196000539201167,0.006591722729170809
117,Hammels/Arverne,Queens,1067,854,52063.16000000006,12904.929999999998,12.094592314901591,58.96813495782568,55.0,48.793964386129396,17.816192093488723,13.083969968824212,0.0006096952518188188
26,Borough Park,Brooklyn,1061,769,33772.43999999999,92917.01000000004,87.57493873704057,39.26578699340245,33.0,31.830763430725717,22.885363476040066,130.86897146831498,0.0046202221112044296
210,Sheepshead Bay,Brooklyn,1056,859,41796.17999999999,8608.41,8.15190340909091,48.43276515151515,41.0,39.5797159090909,7.933990199684051,11.473440389076021,0.003978746204763312
86,Far Rockaway,Queens,1012,888,53171.360000000044,14793.31,14.617895256916995,66.70355731225297,62.0,52.540869565217434,10.12564695557596,14.148943297447712,0.0022798600772829746
63,Cypress Hills,Brooklyn,1001,641,34198.11999999999,6347.840000000001,6.341498501498503,34.88111888111888,28.0,34.163956043956034,20.048549480398112,11.920177101428202,0.006765113955747103
92,Flushing,Queens,982,700,38680.49999999999,7152.029999999998,7.283126272912422,32.145621181262726,27.0,39.38951120162932,21.2444882892574,15.074311378690084,0.018107177488355115
83,Elmhurst/Maspeth,Queens,974,712,37994.74,4553.970000000002,4.675533880903493,20.028747433264886,15.0,39.008973305954825,45.47141884157082,16.737296804360103,0.03848226189600863
169,Mount Hope,Bronx,970,603,32890.429999999986,6566.21,6.769288659793815,33.564948453608245,26.0,33.90765979381442,17.739238013095324,13.096848493204194,0.0023132901941939547
119,Highbridge,Bronx,940,665,35009.94999999999,69267.76000000001,73.68910638297874,31.745744680851065,25.0,37.244627659574455,51.091263663498275,327.7217597924254,0.016361389587322934
106,Gowanus,Brooklyn,929,436,30129.549999999996,58416.88000000003,62.881463939720156,25.726587728740583,23.0,32.432238966630784,19.60573138257797,130.04034214001283,0.040386722868713726
78,East Tremont,Bronx,908,585,31412.739999999976,6480.969999999999,7.137632158590308,37.6784140969163,31.0,34.59552863436121,9.607089713121749,11.996297439717006,0.003780329315315554
258,Woodhaven,Queens,816,461,28110.97999999999,5397.4400000000005,6.614509803921569,33.56985294117647,27.5,34.44973039215685,9.373152569140558,14.460307400973075,0.00526078848498477
133,Kensington,Brooklyn,810,525,29033.589999999997,4499.639999999999,5.555111111111111,32.266666666666666,25.0,35.843938271604934,19.676709323372492,12.3604559866992,0.011833618571154388
22,Bensonhurst West,Brooklyn,806,635,28058.53999999998,5580.5,6.923697270471464,41.973945409429284,34.0,34.81208436724563,9.565030790031193,10.776424963188473,0.0029621653352730356
241,Van Cortlandt Village,Bronx,802,536,30479.76999999999,6445.159999999999,8.036359102244388,41.579800498753116,34.0,38.004700748129665,11.678926581557015,13.617333902905164,0.0042299341520812325
207,Saint Michaels Cemetery/Woodside,Queens,794,865,12926.849999999991,1086.4699999999998,1.368350125944584,106.78589420654912,1.0,16.280667506297217,80.54686286560703,5.121070810896939,0.02294148172133725
47,Claremont/Bathgate,Bronx,783,532,27241.63999999998,5420.770000000002,6.923077905491701,37.148148148148145,28.0,34.79136653895272,20.65219253481235,11.967203274157445,0.004541507128806417
123,Homecrest,Brooklyn,781,627,25342.789999999994,61709.449999999975,79.0133802816901,39.68629961587708,32.0,32.44915492957745,17.293260025519828,304.688751997339,0.005740842475043557
220,Spuyten Duyvil/Kingsbridge,Bronx,775,496,29228.879999999997,6167.419999999999,7.957961290322579,35.10322580645161,28.0,37.71468387096774,11.39417503394484,15.092188133342106,0.011367125148572521
121,Hillcrest/Pomonok,Queens,764,556,26807.259999999984,5533.910000000001,7.24333769633508,34.924083769633505,29.0,35.08803664921464,8.348719583959426,13.805715028038312,0.02146640169555136
29,Brighton Beach,Brooklyn,757,669,31256.74999999997,6774.889999999999,8.949656538969617,50.5336856010568,47.0,41.29029062087182,16.286181160977204,11.529609563862135,0.002854615383826949
124,Howard Beach,Queens,747,519,33108.34999999999,5717.530000000001,7.653989290495315,29.13922356091031,24.0,44.321753681392224,40.83670512367501,18.29127413350665,0.022500186899597454
217,South Williamsburg,Brooklyn,731,406,22104.489999999998,42405.45000000001,58.01019151846787,26.81532147742818,22.0,30.238700410396714,14.969579007391935,202.42589614146752,0.02419903389257789
248,West Farms/Bronx River,Bronx,727,372,24913.41999999999,69762.28999999992,95.95913342503428,33.02338376891334,29.0,34.26880330123795,11.449951184867455,264.34790573792674,0.0030458448475857275
131,Jamaica Estates,Queens,704,463,25222.529999999988,104716.45,148.74495738636364,34.09375,26.0,35.82745738636362,7.59604823532765,809.5638945107354,0.006783885275382095
242,Van Nest/Morris Park,Bronx,699,471,23850.119999999984,89554.51999999999,128.11805436337625,38.57796852646638,30.0,34.12034334763946,16.59259355407568,685.2442243151178,0.0027731093811117647
18,Bedford Park,Bronx,697,432,25818.509999999995,5279.51,7.574619799139168,37.892395982783356,30.0,37.042338593974165,6.525582642334926,12.86442021154888,0.0018673248305296724
212,Soundview/Bruckner,Bronx,690,300,23684.31999999999,4538.029999999999,6.576855072463767,30.58405797101449,26.0,34.325101449275344,6.8618056698619885,13.880796568063504,0.0028056602303463463
126,Hunts Point,Bronx,688,312,24176.519999999993,4397.95,6.392369186046511,31.834302325581394,26.0,35.14029069767441,17.697373730338022,12.797617983685852,0.006696945014921566
147,Longwood,Bronx,671,356,21959.779999999988,53513.46999999998,79.75181818181815,32.80029806259314,26.0,32.726944858420254,8.70484615519166,185.304083358649,0.005311144348759083
34,Brooklyn Navy Yard,Brooklyn,669,254,20999.739999999998,3109.2700000000004,4.64763826606876,22.348281016442453,21.0,31.389745889387143,25.55315296907073,12.637014328063703,0.0406433389408762
250,Westchester Village/Unionport,Bronx,665,380,22436.499999999993,93294.41999999993,140.29236090225552,35.14736842105263,31.0,33.73909774436089,7.512139774854829,699.1241928508365,0.0012950310703914844
160,Middle Village,Queens,664,469,26711.46,4169.009999999999,6.278629518072288,27.216867469879517,23.0,40.22810240963855,22.688031400144567,15.078290933621435,0.021048297823904542
203,Rosedale,Queens,655,568,31685.44999999998,6758.4400000000005,10.318229007633589,43.69770992366412,34.0,48.37473282442745,24.984260216766696,17.433475508244392,0.01604647262669347
208,Schuylerville/Edgewater Park,Bronx,642,342,25301.349999999988,149505.68999999994,232.87490654205598,34.9595015576324,28.0,39.410202492211816,6.233620553925442,316.1720352712347,0.007130420382464275
259,Woodlawn/Wakefield,Bronx,627,377,26267.329999999987,5811.750000000001,9.269138755980864,41.177033492822964,36.0,41.89366826156298,7.927470238398292,14.679226636699687,0.003800275135534302
202,Roosevelt Island,Manhattan,612,501,22530.969999999998,2732.0200000000004,4.464084967320262,26.035947712418302,22.0,36.81531045751633,36.56005224088248,10.52020784564611,0.049958467009185555
139,Laurelton,Queens,611,488,28253.599999999984,6780.689999999999,11.097692307692306,48.62684124386252,45.0,46.241571194762656,21.976635556916136,15.106158971793237,0.0030907461421726358
108,Gravesend,Brooklyn,606,534,24674.139999999992,5372.45,8.86542904290429,48.70957095709571,44.0,40.716402640264015,16.045010162115634,12.382305001890563,0.003999915355805503
149,Madison,Brooklyn,600,484,19523.269999999997,3688.669999999999,6.147783333333332,39.45666666666666,31.0,32.53878333333333,10.944351891346423,9.542224675055813,0.004752898534000994
135,Kew Gardens Hills,Queens,580,402,22086.069999999992,4117.139999999999,7.09851724137931,33.08620689655172,25.0,38.079431034482745,17.18657588183304,14.025351842025305,0.01486638753606746
174,Norwood,Bronx,577,458,23739.01999999999,5321.59,9.222859618717505,43.36915077989602,37.0,41.14214904679374,9.242938614110443,13.82987760854779,0.00399030979827513
60,Crotona Park East,Bronx,576,390,20478.519999999993,4360.43,7.570190972222223,41.361111111111114,33.5,35.552986111111096,7.061988633961264,12.092947294620643,0.0026095119088134344
81,Eastchester,Bronx,573,367,22516.079999999994,5068.46,8.845479930191972,43.93717277486911,39.0,39.295078534031404,5.873939460252402,13.84933491488549,0.0008521721419014452
32,Bronxdale,Bronx,561,384,21843.689999999984,4693.050000000001,8.365508021390376,44.9126559714795,38.0,38.937058823529384,6.151325088403235,14.245629871404935,0.0011810944598844276
21,Bensonhurst East,Brooklyn,559,425,19200.819999999992,3841.55,6.872182468694097,42.2093023255814,33.0,34.348515205724496,13.789802300907677,10.404021467405888,0.0026535179904336693
136,Kingsbridge Heights,Bronx,549,405,19435.509999999995,3854.0599999999995,7.020145719489981,37.33879781420765,31.0,35.40165755919853,8.989581896690842,12.36411645070076,0.007268525959928616
180,Ozone Park,Queens,543,342,22000.199999999997,3566.580000000001,6.568287292817681,30.96316758747698,23.0,40.51602209944751,33.24153443637157,14.299904055379919,0.021998985985063998
102,Glendale,Queens,543,248,16773.239999999998,2950.2400000000007,5.433222836095766,26.25414364640884,21.0,30.88994475138121,31.266860215870224,13.063789452276174,0.008259141910225401
38,Cambria Heights,Queens,536,456,26008.51999999999,6284.730000000001,11.725242537313436,49.26865671641791,46.5,48.5233582089552,23.319245502747332,16.26062706824442,0.005237138814782773
257,Windsor Terrace,Brooklyn,512,284,18268.85,2997.75,5.85498046875,30.591796875,27.0,35.68134765625,12.495525522193903,12.055037911082714,0.021753631488951198
173,North Corona,Queens,508,287,16816.729999999996,3029.5799999999995,5.963740157480314,26.49015748031496,22.0,33.10379921259842,18.448563627473582,14.08020282671112,0.010427834256066046
20,Belmont,Bronx,503,384,18755.120000000003,3754.3399999999992,7.463896620278328,38.47912524850894,33.0,37.286520874751496,6.587143326810865,12.14220963870013,0.008694218042658599
3,Allerton/Pelham Gardens,Bronx,497,327,18665.539999999997,3951.4300000000003,7.95056338028169,40.36016096579477,36.0,37.55641851106639,13.631283896882875,14.339657262213152,0.007383148408747032
227,Sunset Park East,Brooklyn,489,327,17619.23,3051.8499999999995,6.241002044989774,38.11656441717791,33.0,36.031145194274025,9.786403987658074,10.735681922673157,0.006893417377448077
200,Riverdale/North Riverdale/Fieldston,Bronx,479,324,20061.850000000002,4528.049999999999,9.453131524008349,37.93945720250522,31.0,41.88277661795408,7.178523417867891,17.0171137695468,0.011954619871814178
194,Randalls Island,Manhattan,475,464,30005.569999999996,3205.0299999999997,6.747431578947368,23.566315789473684,20.0,63.16962105263157,122.89390979012596,19.106381460782966,0.09620604245596732
19,Bellerose,Queens,471,331,19361.83,30673.329999999987,65.12384288747343,34.44373673036093,22.0,41.10791932059448,40.71538941373906,63.95005639387944,0.0131048343023215
185,Pelham Parkway,Bronx,467,310,16860.590000000004,3454.1700000000005,7.396509635974305,41.93147751605996,34.0,36.10404710920772,10.442904358932502,11.710647346616321,0.003507381425588607
54,Columbia Street,Brooklyn,447,224,15313.889999999994,42228.47000000001,94.47085011185685,22.722595078299776,21.0,34.25926174496643,24.401256454275543,187.70114147080625,0.04124705474374908
190,Prospect Park,Brooklyn,430,267,13891.789999999999,1870.81,4.350720930232558,25.974418604651163,23.0,32.30648837209302,22.587178838302332,10.149633305307093,0.054405620505851536
122,Hollis,Queens,430,271,15636.400000000001,41609.949999999975,96.7673255813953,37.37441860465116,27.0,36.36372093023256,19.395256090528132,700.2841920205694,0.003338059729086996
150,Manhattan Beach,Brooklyn,407,335,15491.29,2905.62,7.139115479115479,38.33906633906634,29.0,38.062137592137596,11.195390809815308,12.503716747896434,0.010414626321935135
67,Dyker Heights,Brooklyn,398,258,13086.689999999999,2377.93,5.974698492462311,33.62814070351759,24.0,32.881130653266325,28.635716961038582,11.97982734046242,0.005156887971701835
94,Fordham South,Bronx,388,262,13813.91,2700.6500000000005,6.960438144329898,39.345360824742265,32.5,35.602860824742265,15.348199666382412,11.188460914444104,0.002314737841380977
252,Whitestone,Queens,326,150,13167.33,2703.6700000000005,8.293466257668713,29.033742331288344,24.0,40.39058282208589,7.057520416765968,19.704418992913816,0.010580210950328722
53,College Point,Queens,322,176,12871.350000000002,2492.4399999999996,7.740496894409937,29.74534161490683,24.0,39.97313664596274,8.61500489027459,17.22198704816585,0.03040567892247293
201,Rockaway Park,Queens,319,221,15104.819999999996,3431.86,10.758181818181818,49.442006269592476,44.0,47.35053291536049,9.268414654408035,14.464993119406767,0.008204174712811646
11,Bath Beach,Brooklyn,319,244,12976.500000000004,2828.9700000000003,8.868244514106584,42.88401253918495,35.0,40.67868338557995,6.661011779355231,13.33802548291836,0.005580391660290578
16,Bayside,Queens,310,198,11308.740000000002,2395.0400000000004,7.725935483870969,34.77741935483871,23.0,36.47980645161291,20.3492046334041,16.258161678752856,0.017537995627067877
178,Ocean Parkway South,Brooklyn,301,236,9941.000000000002,1843.2200000000003,6.123654485049835,37.820598006644516,29.0,33.02657807308971,17.08229391456927,9.613005763441262,0.00505479871810649
98,Fresh Meadows,Queens,298,253,11106.900000000001,2463.59,8.267080536912752,36.54697986577181,28.0,37.27147651006712,7.5863172942407235,15.449767124017946,0.010357556237678534
171,Murray Hill-Queens,Queens,295,188,10693.980000000001,2043.52,6.927186440677966,48.9593220338983,26.0,36.250779661016956,32.513428715823835,13.161230579091042,0.005952214528664973
192,Queensboro Hill,Queens,279,162,9910.39,1871.1699999999998,6.706702508960573,31.627240143369175,21.0,35.52111111111111,6.233176038960638,15.922753841983802,0.012842349489439327
101,Glen Oaks,Queens,274,181,12322.240000000002,100266.97999999998,365.93788321167875,32.92700729927007,26.0,44.971678832116794,65.97590104164715,847.2114009896076,0.01390986771802684
175,Oakland Gardens,Queens,269,179,10470.68,2280.0200000000004,8.475910780669146,31.382899628252787,26.0,38.92446096654275,18.622005706216164,18.32157628045437,0.009813730911048722
183,Pelham Bay,Bronx,250,156,9549.150000000001,2019.5000000000005,8.078000000000001,37.284,31.5,38.196600000000004,6.726379726618925,15.167315123523988,0.004767343853162364
9,Auburndale,Queens,217,176,7892.060000000001,155567.26999999996,716.8998617511519,30.110599078341014,26.0,36.36894009216591,9.572143424708353,4059.8489275964243,0.02434257601468714
64,Douglaston,Queens,201,143,9930.77,1839.5300000000002,9.151890547263683,30.388059701492537,21.0,49.40681592039801,39.996815284470095,21.317753100042147,0.023383635960211792
153,Marble Hill,Manhattan,193,120,6112.69,1190.5599999999997,6.168704663212433,29.922279792746114,23.0,31.671968911917098,6.511000890391719,13.249839563941975,0.007962043059844432
15,Bay Terrace/Fort Totten,Queens,185,98,8301.69,1889.94,10.215891891891893,38.513513513513516,31.0,44.874,4.4217138092497645,19.365508716754462,0.010924167724863636
154,Marine Park/Floyd Bennett Field,Brooklyn,167,149,7607.49,1277.9900000000002,7.6526347305389235,21.221556886227546,16.0,45.55383233532934,54.88446415878008,23.702169530343504,0.05259923462091947
6,Arrochar/Fort Wadsworth,Staten Island,145,116,3971.4000000000005,1100.5900000000001,7.5902758620689665,42.6,17.0,27.388965517241385,4.041360257923381,26.300962132460135,0.003677186696441919
73,East Flushing,Queens,141,102,5326.300000000001,966.9699999999999,6.8579432624113466,35.751773049645394,27.0,37.775177304964544,6.899149177840273,12.284698904950572,0.00632290700719049
128,Inwood Hill Park,Manhattan,129,80,5018.02,895.46,6.9415503875969,28.62015503875969,24.0,38.899379844961246,6.1495444570850655,15.294043114389233,0.03547501968692835
31,Bronx Park,Bronx,108,61,4878.910000000001,821.72,7.608518518518519,30.916666666666668,24.5,45.1750925925926,32.264261364728746,15.512931295469537,0.042643294388416526
46,City Island,Bronx,81,60,4056.1800000000003,947.1800000000001,11.693580246913582,49.30864197530864,46.0,50.0762962962963,6.428588335187885,17.536676317111052,0.002057777265794917
96,Forest Park/Highland Park,Queens,79,37,3230.1,561.41,7.106455696202532,35.46835443037975,18.0,40.8873417721519,22.959976727453366,22.059115805300813,0.021133443750038755
240,Van Cortlandt Park,Bronx,72,43,2853.96,524.74,7.288055555555555,29.083333333333332,26.0,39.638333333333335,283.6050366354714,16.55873548166079,0.005994954292164985
8,Astoria Park,Queens,72,72,4953.25,564.4799999999999,7.839999999999999,21.819444444444443,19.5,68.79513888888889,14.857197487310152,19.566112855977945,0.06761340534602035
57,,,72,33,3087.05,568.9,7.901388888888889,28.125,25.0,42.87569444444445,19.565849431664475,17.485354613915263,0.03368623095565817
120,Highbridge Park,Manhattan,66,50,2603.66,996.1700000000001,15.093484848484849,14.833333333333334,12.0,39.449393939393936,102.93511108184518,57.1256891932615,0.033483595161771906
253,Willets Point,Queens,56,55,2742.1499999999996,486.56,8.688571428571429,25.767857142857142,23.0,48.966964285714276,65.95299315497036,23.03730206991339,0.03212286227870064
184,Pelham Bay Park,Bronx,56,23,2809.98,519.6200000000001,9.278928571428574,32.05357142857143,29.5,50.17821428571428,5.560750568988897,20.678463920211716,0.01373210988980861
27,Breezy Point/Fort Tilden/Riis Beach,Queens,43,22,2071.7299999999996,404.08,9.397209302325582,35.48837209302326,32.0,48.179767441860456,10.564056742595682,18.026185133563075,0.015653338433713176
23,Bloomfield/Emerson Hill,Staten Island,42,23,3041.96,536.01,12.762142857142857,33.857142857142854,29.0,72.42761904761905,4.552850318889255,24.193986470495915,0.027016823919772115
221,Stapleton,Staten Island,39,20,1881.0,44561.64999999999,1142.6064102564098,43.82051282051282,21.0,48.23076923076923,47.478842954974965,2494.23962985026,0.02910012991172758
59,Crotona Park,Bronx,37,16,1237.3200000000002,264.42,7.146486486486487,35.75675675675676,23.0,33.44108108108109,5.966583996667332,11.42326998896338,0.004502742868014671
58,Country Club,Bronx,36,10,1697.88,357.65,9.934722222222222,34.138888888888886,25.5,47.163333333333334,5.118539972647339,20.21665656678039,0.036156287329936226
214,South Beach/Dongan Hills,Staten Island,35,18,1648.27,242.40999999999997,6.925999999999999,17.8,17.0,47.09342857142857,78.52069649429139,18.225889361957037,0.02691655549318818
115,Grymes Hill/Clifton,Staten Island,27,14,1723.64,271.39,10.051481481481481,17.74074074074074,12.0,63.83851851851852,6.938463826739541,140.36521124946654,0.018379582362929976
30,Broad Channel,Queens,23,13,728.71,113.44,4.932173913043478,21.956521739130434,15.0,31.68304347826087,5.914284700434516,14.475273881876301,0.026274315313825982
118,Heartland Village/Todt Hill,Staten Island,23,6,1422.2799999999997,267.23,11.618695652173914,33.34782608695652,32.0,61.838260869565204,4.859346089240694,23.72764313231786,0.008788159111933395
172,New Dorp/Midland Beach,Staten Island,19,6,1033.79,147.44,7.76,28.36842105263158,25.0,54.41,4.877479513121885,16.739581703167556,0.058875367869994616
111,Green-Wood Cemetery,Brooklyn,18,14,829.5999999999999,129.33,7.1850000000000005,38.77777777777778,34.0,46.08888888888888,8.329301716457849,12.064423828137967,0.0588279233287518
156,Mariners Harbor,Staten Island,14,8,1189.42,193.89000000000001,13.849285714285715,26.214285714285715,26.0,84.95857142857143,10.092038090632334,117.79173350718425,0.02990391047727534
251,Westerleigh,Staten Island,12,12,1264.74,154.2,12.85,36.083333333333336,25.5,105.395,79.38756152250471,19.655002838626622,0.0626732066763805
206,Saint George/New Brighton,Staten Island,11,15,889.86,46.34,4.212727272727273,11.363636363636363,0.0,80.89636363636363,4.931815321327848,17.603550592086265,0.06275480108087916
2,Jamaica Bay,Queens,10,13,648.27,133.34,13.334,35.9,38.5,64.827,8.424997030932378,77.913933224451,0.07716364830012576
245,West Brighton,Staten Island,10,1,636.97,125.6,12.559999999999999,34.5,30.5,63.697,5.03465834369429,22.024403694769443,0.015612675039798279
187,Port Richmond,Staten Island,7,,382.34000000000003,82.19,11.741428571428571,34.285714285714285,37.0,54.620000000000005,4.603506095905038,21.698383121728067,0.0
176,Oakwood,Staten Island,6,1,397.8,81.0,13.5,138.16666666666666,35.0,66.3,3.7697798674413514,19.483264288754576,0.027773637402494163
84,Eltingville/Annadale/Prince's Bay,Staten Island,6,3,469.46,56.64,9.44,20.333333333333332,17.0,78.24333333333333,3.1195858847251525,22.889743589743592,0.0
109,Great Kills,Staten Island,5,1,324.84000000000003,51.33,10.266,22.8,29.0,64.968,4.134739415521587,25.89582427004377,0.0
204,Rossville/Woodrow,Staten Island,4,4,388.49,22.09,5.5225,15.25,0.0,97.1225,3.8519692168401996,21.727868852459018,0.08333333333333334
44,Charleston/Tottenville,Staten Island,3,3,428.38,44.03,14.676666666666668,23.0,33.0,142.79333333333332,2682.8323903750356,38.46212121212121,0.07520964360587003
199,Rikers Island,Bronx,2,3,113.95,19.669999999999998,9.834999999999999,43.0,43.0,56.975,5.728812526993057,15.652430555555554,0.004935767410412441
105,,,2,2,60.95,8.25,4.125,17.5,17.5,30.475,7.430331541218637,14.092105263157896,0.16443595164525399
5,Arden Heights,Staten Island,1,1,41.5,0.0,0.0,1.0,1.0,41.5,,0.0,0.4819277108433735
